SiteNumber, SiteName, SiteCategory, SiteAgency, SiteLongitude, SiteLatitude, SiteNWISURL
"01109403","TEN MILE R., PAWTUCKET AVE. AT E. PROVIDENCE, RI","ST","USGS",-71.35116490,41.83093376,"http://waterdata.usgs.gov/nwis/inventory?agency_code=USGS&site_no=01109403"
"01111300","NIPMUC RIVER NEAR HARRISVILLE, RI","ST","USGS",-71.68590049,41.98120930,"http://waterdata.usgs.gov/nwis/inventory?agency_code=USGS&site_no=01111300"
"01111500","BRANCH RIVER AT FORESTDALE, RI","ST","USGS",-71.56256320,41.99648716,"http://waterdata.usgs.gov/nwis/inventory?agency_code=USGS&site_no=01111500"
"01112500","BLACKSTONE RIVER AT WOONSOCKET, RI","ST","USGS",-71.50311680,42.00620936,"http://waterdata.usgs.gov/nwis/inventory?agency_code=USGS&site_no=01112500"
"01113895","BLACKSTONE R AT ROOSEVELT ST AT PAWTUCKET RI","ST","USGS",-71.38144468,41.88871088,"http://waterdata.usgs.gov/nwis/inventory?agency_code=USGS&site_no=01113895"
"01114000","MOSHASSUCK RIVER AT PROVIDENCE, RI","ST","USGS",-71.41061208,41.83398900,"http://waterdata.usgs.gov/nwis/inventory?agency_code=USGS&site_no=01114000"
"01114500","WOONASQUATUCKET RIVER AT CENTERDALE, RI","ST","USGS",-71.48728230,41.85898840,"http://waterdata.usgs.gov/nwis/inventory?agency_code=USGS&site_no=01114500"
"01115098","PEEPTOAD BROOK AT ELMDALE RD NR NORTH SCITUATE, RI","ST","USGS",-71.60617540,41.85259920,"http://waterdata.usgs.gov/nwis/inventory?agency_code=USGS&site_no=01115098"
"01115110","HUNTINGHOUSE BK AT ELMDALE RD AT N SCITUATE, RI","ST","USGS",-71.61173110,41.84676589,"http://waterdata.usgs.gov/nwis/inventory?agency_code=USGS&site_no=01115110"
"01115114","RUSH BROOK NEAR ELMDALE RD NEAR NORTH SCITUATE, RI","ST","USGS",-71.61200890,41.83759929,"http://waterdata.usgs.gov/nwis/inventory?agency_code=USGS&site_no=01115114"
"01115120","UNNAMED TRIB TO SCITUATE RES NR NORTH SCITUATE, RI","ST","USGS",-71.60895320,41.83148820,"http://waterdata.usgs.gov/nwis/inventory?agency_code=USGS&site_no=01115120"
"01115170","MOSWANSICUT STREAM NR NORTH SCITUATE, RI","ST","USGS",-71.58450800,41.84093269,"http://waterdata.usgs.gov/nwis/inventory?agency_code=USGS&site_no=01115170"
"01115183","QUONAPAUG BK AT RT 116 NR NORTH SCITUATE, RI","ST","USGS",-71.58478570,41.79759966,"http://waterdata.usgs.gov/nwis/inventory?agency_code=USGS&site_no=01115183"
"01115184","SPRUCE BROOK NR NORTH SCITUATE, RI","ST","USGS",-71.62006470,41.78871070,"http://waterdata.usgs.gov/nwis/inventory?agency_code=USGS&site_no=01115184"
"01115187","PONAGANSET RIVER AT SOUTH FOSTER, RI","ST","USGS",-71.70506770,41.81871020,"http://waterdata.usgs.gov/nwis/inventory?agency_code=USGS&site_no=01115187"
"01115190","DOLLY COLE BK AT OLD DANIELSON PK AT S FOSTER, RI","ST","USGS",-71.70034528,41.82232130,"http://waterdata.usgs.gov/nwis/inventory?agency_code=USGS&site_no=01115190"
"01115265","HEMLOCK BROOK AT KING ROAD NR FOSTER, RI","ST","USGS",-71.69867850,41.79065480,"http://waterdata.usgs.gov/nwis/inventory?agency_code=USGS&site_no=01115265"
"01115275","BEAR TREE BROOK NR CLAYVILLE, RI","ST","USGS",-71.67478879,41.78259940,"http://waterdata.usgs.gov/nwis/inventory?agency_code=USGS&site_no=01115275"
"01115276","WESTCONNAUG STREAM AT PLAINFIELD PIKE, RI","ST","USGS",-71.66728850,41.78537720,"http://waterdata.usgs.gov/nwis/inventory?agency_code=USGS&site_no=01115276"
"01115280","CORK BK AT ROCKLAND SCITUATE RD NR CLAYVILLE, RI","ST","USGS",-71.64978790,41.80398827,"http://waterdata.usgs.gov/nwis/inventory?agency_code=USGS&site_no=01115280"
"01115297","WILBUR HOLLOW BK AT OLD PLAINFIELD PK NR CLAYVILLE","ST","USGS",-71.63562070,41.76482190,"http://waterdata.usgs.gov/nwis/inventory?agency_code=USGS&site_no=01115297"
"01115630","NOOSENECK RIVER AT NOOSENECK, RI","ST","USGS",-71.63256460,41.62676670,"http://waterdata.usgs.gov/nwis/inventory?agency_code=USGS&site_no=01115630"
"01116000","SOUTH BRANCH PAWTUXET RIVER AT WASHINGTON, RI","ST","USGS",-71.56589580,41.69010026,"http://waterdata.usgs.gov/nwis/inventory?agency_code=USGS&site_no=01116000"
"01116500","PAWTUXET RIVER AT CRANSTON, RI","ST","USGS",-71.44505750,41.75093399,"http://waterdata.usgs.gov/nwis/inventory?agency_code=USGS&site_no=01116500"
"01116905","HUNT R 250 FT DS FRY BRK AT FRENCHTOWN, RI","ST","USGS",-71.47888889,41.63000000,"http://waterdata.usgs.gov/nwis/inventory?agency_code=USGS&site_no=01116905"
"01117000","HUNT RIVER NEAR EAST GREENWICH, RI","ST","USGS",-71.44450160,41.64121220,"http://waterdata.usgs.gov/nwis/inventory?agency_code=USGS&site_no=01117000"
"01117350","CHIPUXET RIVER AT WEST KINGSTON, RI","ST","USGS",-71.55117190,41.48232330,"http://waterdata.usgs.gov/nwis/inventory?agency_code=USGS&site_no=01117350"
"01117370","QUEEN R AT LIBERTY RD AT LIBERTY RI","ST","USGS",-71.56867300,41.53898957,"http://waterdata.usgs.gov/nwis/inventory?agency_code=USGS&site_no=01117370"
"01117420","USQUEPAUG RIVER NEAR USQUEPAUG, RI","ST","USGS",-71.60478490,41.47676730,"http://waterdata.usgs.gov/nwis/inventory?agency_code=USGS&site_no=01117420"
"01117430","PAWCATUCK RIVER AT KENYON, RI","ST","USGS",-71.62117380,41.44621186,"http://waterdata.usgs.gov/nwis/inventory?agency_code=USGS&site_no=01117430"
"01117468","BEAVER RIVER NEAR USQUEPAUG, RI","ST","USGS",-71.62811940,41.49260037,"http://waterdata.usgs.gov/nwis/inventory?agency_code=USGS&site_no=01117468"
"01117500","PAWCATUCK RIVER AT WOOD RIVER JUNCTION, RI","ST","USGS",-71.68089828,41.44510024,"http://waterdata.usgs.gov/nwis/inventory?agency_code=USGS&site_no=01117500"
"01117800","WOOD RIVER NEAR ARCADIA, RI","ST","USGS",-71.72062318,41.57398840,"http://waterdata.usgs.gov/nwis/inventory?agency_code=USGS&site_no=01117800"
"01118000","WOOD RIVER AT HOPE VALLEY, RI","ST","USGS",-71.71645610,41.49815516,"http://waterdata.usgs.gov/nwis/inventory?agency_code=USGS&site_no=01118000"
"01118500","PAWCATUCK RIVER AT WESTERLY, RI","ST","USGS",-71.83312470,41.38371065,"http://waterdata.usgs.gov/nwis/inventory?agency_code=USGS&site_no=01118500"
