SiteNumber, SiteName, SiteCategory, SiteAgency, SiteLongitude, SiteLatitude, SiteNWISURL
"02228500","NORTH PRONG ST. MARYS RIVER AT MONIAC, GA","ST","USGS",-82.23039540,30.51773125,"http://waterdata.usgs.gov/nwis/inventory?agency_code=USGS&site_no=02228500"
"02231000","ST. MARYS RIVER NEAR MACCLENNY, FL","ST","USGS",-82.08150130,30.35884726,"http://waterdata.usgs.gov/nwis/inventory?agency_code=USGS&site_no=02231000"
"02231254","ST MARY'S RIVER AT I-95, NEAR KINGSLAND, GA","ST-TS","USGS",-81.65426830,30.74412400,"http://waterdata.usgs.gov/nwis/inventory?agency_code=USGS&site_no=02231254"
"02231291","NASSAU RIVER NEAR TISONIA, FL","ST","USGS",-81.58981790,30.55079310,"http://waterdata.usgs.gov/nwis/inventory?agency_code=USGS&site_no=02231291"
"02231342","FT DRUM CREEK AT SUNSHINE ST PKY NEAR FT DRUM, FL","ST","USGS",-80.79617090,27.56864730,"http://waterdata.usgs.gov/nwis/inventory?agency_code=USGS&site_no=02231342"
"02231396","BLUE CYPRESS CREEK NEAR FELLSMERE, FL","ST","USGS",-80.80505949,27.72808533,"http://waterdata.usgs.gov/nwis/inventory?agency_code=USGS&site_no=02231396"
"02231454","SIXMILE CREEK NEAR KENANSVILLE, FL","ST","USGS",-80.80500000,27.86666667,"http://waterdata.usgs.gov/nwis/inventory?agency_code=USGS&site_no=02231454"
"02231600","JANE GREEN CREEK NEAR DEER PARK, FL","ST","USGS",-80.88811550,28.07446200,"http://waterdata.usgs.gov/nwis/inventory?agency_code=USGS&site_no=02231600"
"02232000","ST. JOHNS RIVER NEAR MELBOURNE, FL","ST","USGS",-80.75200100,28.08473879,"http://waterdata.usgs.gov/nwis/inventory?agency_code=USGS&site_no=02232000"
"02232155","PENNYWASH CREEK NEAR DEER PARK, FL","ST","USGS",-80.89533730,28.18195808,"http://waterdata.usgs.gov/nwis/inventory?agency_code=USGS&site_no=02232155"
"02232200","WOLF CREEK NEAR DEER PARK, FL","ST","USGS",-80.91089309,28.21306810,"http://waterdata.usgs.gov/nwis/inventory?agency_code=USGS&site_no=02232200"
"02232400","ST. JOHNS RIVER NEAR COCOA, FL","ST","USGS",-80.87255780,28.36972837,"http://waterdata.usgs.gov/nwis/inventory?agency_code=USGS&site_no=02232400"
"02232500","ST. JOHNS RIVER NEAR CHRISTMAS, FL","ST","USGS",-80.94339200,28.54305529,"http://waterdata.usgs.gov/nwis/inventory?agency_code=USGS&site_no=02232500"
"02233200","LITTLE ECONLOCKHATCHEE RIVER NEAR UNION PARK, FL","ST","USGS",-81.24395600,28.52500210,"http://waterdata.usgs.gov/nwis/inventory?agency_code=USGS&site_no=02233200"
"02233475","LT ECONLOCKHATCHEE R AT STATE HWY434 NR OVIEDO, FL","ST","USGS",-81.20784299,28.61999870,"http://waterdata.usgs.gov/nwis/inventory?agency_code=USGS&site_no=02233475"
"02233484","ECONLOCKHATCHEE RIVER NEAR OVIEDO, FL","ST","USGS",-81.16978600,28.65555285,"http://waterdata.usgs.gov/nwis/inventory?agency_code=USGS&site_no=02233484"
"02233500","ECONLOCKHATCHEE RIVER NEAR CHULUOTA, FL","ST","USGS",-81.11416670,28.67777778,"http://waterdata.usgs.gov/nwis/inventory?agency_code=USGS&site_no=02233500"
"02234000","ST. JOHNS RIVER ABOVE LAKE HARNEY NEAR GENEVA, FL","ST","USGS",-81.03533740,28.71416110,"http://waterdata.usgs.gov/nwis/inventory?agency_code=USGS&site_no=02234000"
"02234308","HOWELL CREEK NEAR ALTAMONTE SPRINGS, FL","ST","USGS",-81.32312349,28.63249870,"http://waterdata.usgs.gov/nwis/inventory?agency_code=USGS&site_no=02234308"
"02234324","HOWELL CREEK NEAR SLAVIA, FL","ST","USGS",-81.26451090,28.64777587,"http://waterdata.usgs.gov/nwis/inventory?agency_code=USGS&site_no=02234324"
"02234344","HOWELL CREEK AT STATE HWY 434 NEAR OVIEDO, FL","ST","USGS",-81.24756560,28.68999664,"http://waterdata.usgs.gov/nwis/inventory?agency_code=USGS&site_no=02234344"
"02234384","SOLDIER CREEK NEAR LONGWOOD, FL","ST","USGS",-81.30867800,28.71888466,"http://waterdata.usgs.gov/nwis/inventory?agency_code=USGS&site_no=02234384"
"02234400","GEE CREEK NEAR LONGWOOD, FL","ST","USGS",-81.29062210,28.70416290,"http://waterdata.usgs.gov/nwis/inventory?agency_code=USGS&site_no=02234400"
"02234435","LAKE JESUP OUTLET NEAR SANFORD, FL","ST","USGS",-81.18117379,28.78415969,"http://waterdata.usgs.gov/nwis/inventory?agency_code=USGS&site_no=02234435"
"02234500","ST. JOHNS RIVER NEAR SANFORD, FL","ST","USGS",-81.32423230,28.83804694,"http://waterdata.usgs.gov/nwis/inventory?agency_code=USGS&site_no=02234500"
"02234990","LITTLE WEKIVA RIVER NEAR ALTAMONTE SPRINGS, FL","ST","USGS",-81.39673598,28.68805250,"http://waterdata.usgs.gov/nwis/inventory?agency_code=USGS&site_no=02234990"
"02235000","WEKIVA RIVER NEAR SANFORD, FL","ST","USGS",-81.41923539,28.81527009,"http://waterdata.usgs.gov/nwis/inventory?agency_code=USGS&site_no=02235000"
"02235200","BLACKWATER CREEK NEAR CASSIA, FL","ST","USGS",-81.48972220,28.87444444,"http://waterdata.usgs.gov/nwis/inventory?agency_code=USGS&site_no=02235200"
"02235500","BLUE SPRINGS NEAR ORANGE CITY, FL","SP","USGS",-81.33978660,28.94415400,"http://waterdata.usgs.gov/nwis/inventory?agency_code=USGS&site_no=02235500"
"02236000","ST. JOHNS RIVER NEAR DE LAND, FL","ST","USGS",-81.38256510,29.00831827,"http://waterdata.usgs.gov/nwis/inventory?agency_code=USGS&site_no=02236000"
"02236125","ST. JOHNS RIVER AT ASTOR, FL","ST","USGS",-81.52201570,29.16692445,"http://waterdata.usgs.gov/nwis/inventory?agency_code=USGS&site_no=02236125"
"02236160","SILVER GLEN SPRINGS NEAR ASTOR, FL","SP","USGS",-81.64257670,29.24469863,"http://waterdata.usgs.gov/nwis/inventory?agency_code=USGS&site_no=02236160"
"02236350","GREEN SWAMP RUN NEAR EVA, FL","ST","USGS",-81.68535340,28.31112120,"http://waterdata.usgs.gov/nwis/inventory?agency_code=USGS&site_no=02236350"
"02236500","BIG CREEK NEAR CLERMONT, FL","ST","USGS",-81.74007599,28.44778229,"http://waterdata.usgs.gov/nwis/inventory?agency_code=USGS&site_no=02236500"
"02236605","LITTLE CREEK AT GREEN SWAMP ROAD NEAR CLERMONT, FL","ST","USGS",-81.78146550,28.44861520,"http://waterdata.usgs.gov/nwis/inventory?agency_code=USGS&site_no=02236605"
"02236900","PALATLAKAHA R AT CHERRY LK OUT NEAR GROVELAND, FL","ST","USGS",-81.82229980,28.59277586,"http://waterdata.usgs.gov/nwis/inventory?agency_code=USGS&site_no=02236900"
"02236901","PALATLAKAHA R BL SPWY AT CH LK OUT NR GROVELAND,FL","ST","USGS",-81.82257750,28.59249809,"http://waterdata.usgs.gov/nwis/inventory?agency_code=USGS&site_no=02236901"
"02237000","PALATLAKAHA RIVER NEAR MASCOTTE, FL","ST","USGS",-81.86452290,28.61583010,"http://waterdata.usgs.gov/nwis/inventory?agency_code=USGS&site_no=02237000"
"02237001","PALATLAKAHA RIVER BELOW SPWY, NEAR MASCOTTE, FL","ST","USGS",-81.86591180,28.61610787,"http://waterdata.usgs.gov/nwis/inventory?agency_code=USGS&site_no=02237001"
"02237010","PALATLAKAHA R AT STRUCTURE M-6 NR MASCOTTE, FL","ST","USGS",-81.87230109,28.64332900,"http://waterdata.usgs.gov/nwis/inventory?agency_code=USGS&site_no=02237010"
"02237011","PALATLAKAHA R BELOW STRUCTURE M-6 NR MASCOTTE, FL","ST","USGS",-81.87230109,28.64416230,"http://waterdata.usgs.gov/nwis/inventory?agency_code=USGS&site_no=02237011"
"02237050","PALATLAKAHA RIVER AT S M-5 NEAR OKAHUMPKA, FL","ST","USGS",-81.88452390,28.67888315,"http://waterdata.usgs.gov/nwis/inventory?agency_code=USGS&site_no=02237050"
"02237051","PALATLAKAHA R BELOW STRUCTURE M-5 NR OKAHUMPKA, FL","ST","USGS",-81.88452388,28.67943868,"http://waterdata.usgs.gov/nwis/inventory?agency_code=USGS&site_no=02237051"
"02237206","PALATLAKAHA R AT STRUCTURE M-4 NR OKAHUMPKA, FL","ST","USGS",-81.88424640,28.71499294,"http://waterdata.usgs.gov/nwis/inventory?agency_code=USGS&site_no=02237206"
"02237207","PALATLAKAHA R BELOW STRUCTURE M-4 NR OKAHUMPKA, FL","ST","USGS",-81.88396870,28.71582624,"http://waterdata.usgs.gov/nwis/inventory?agency_code=USGS&site_no=02237207"
"02237293","PALATLAKAHA R AT STRUCTURE M-1, NR OKAHUMPKA, FL","ST","USGS",-81.87257980,28.74443640,"http://waterdata.usgs.gov/nwis/inventory?agency_code=USGS&site_no=02237293"
"02237698","APOPKA FLOW-WAY FEEDER CANAL NEAR ASTATULA, FL","ST","USGS",-81.70590900,28.66638527,"http://waterdata.usgs.gov/nwis/inventory?agency_code=USGS&site_no=02237698"
"02237700","APOPKA-BEAUCLAIR CANAL NEAR ASTATULA, FL","ST","USGS",-81.68479760,28.72249444,"http://waterdata.usgs.gov/nwis/inventory?agency_code=USGS&site_no=02237700"
"02237701","APOPKA-BEAUCLAIR CANAL BL DAM NEAR ASTATULA, FL","ST","USGS",-81.68479760,28.72304997,"http://waterdata.usgs.gov/nwis/inventory?agency_code=USGS&site_no=02237701"
"02237734","WOLF BRANCH AT FCRR NEAR MOUNT DORA, FL","ST","USGS",-81.60785149,28.79665898,"http://waterdata.usgs.gov/nwis/inventory?agency_code=USGS&site_no=02237734"
"02238000","HAYNES CREEK AT LISBON, FL","ST","USGS",-81.78368940,28.87082178,"http://waterdata.usgs.gov/nwis/inventory?agency_code=USGS&site_no=02238000"
"02238001","HAYNES CREEK BELOW BURRELL DAM AT LISBON, FL","ST","USGS",-81.78444440,28.87111110,"http://waterdata.usgs.gov/nwis/inventory?agency_code=USGS&site_no=02238001"
"02238499","OCKLAWAHA R AB MOSS BLUFF DAM AT MOSS BLUFF,FL","ST","USGS",-81.88083330,29.08111110,"http://waterdata.usgs.gov/nwis/inventory?agency_code=USGS&site_no=02238499"
"02238500","OCKLAWAHA RIVER AT MOSS BLUFF, FL","ST","USGS",-81.88083330,29.08111110,"http://waterdata.usgs.gov/nwis/inventory?agency_code=USGS&site_no=02238500"
"02239000","OCKLAWAHA RIVER NR OCALA,FLA.","ST","USGS",-81.99230910,29.18331078,"http://waterdata.usgs.gov/nwis/inventory?agency_code=USGS&site_no=02239000"
"02239500","SILVER SPRINGS NEAR OCALA, FL","SP","USGS",-82.05397819,29.21247638,"http://waterdata.usgs.gov/nwis/inventory?agency_code=USGS&site_no=02239500"
"02239501","SILVER RIVER NEAR OCALA, FL","ST","USGS",-82.04120000,29.21497640,"http://waterdata.usgs.gov/nwis/inventory?agency_code=USGS&site_no=02239501"
"02239600","TRIBUTARY TO SILVER RIVER AT SH 40 NEAR OCALA FL","ST","USGS",-82.04258890,29.21942074,"http://waterdata.usgs.gov/nwis/inventory?agency_code=USGS&site_no=02239600"
"02239601","TRIBUTARY TO SILVER RIVER BL SH 40 NR OCALA, FL","ST","USGS",-82.04286670,29.21914296,"http://waterdata.usgs.gov/nwis/inventory?agency_code=USGS&site_no=02239601"
"02240000","OCKLAWAHA RIVER NEAR CONNER, FL","ST","USGS",-81.98592030,29.21469888,"http://waterdata.usgs.gov/nwis/inventory?agency_code=USGS&site_no=02240000"
"02240500","OCKLAWAHA RIVER AT EUREKA, FL","ST","USGS",-81.90194440,29.37166667,"http://waterdata.usgs.gov/nwis/inventory?agency_code=USGS&site_no=02240500"
"02243000","ORANGE CREEK AT ORANGE SPRINGS, FL","ST","USGS",-81.94619990,29.50969267,"http://waterdata.usgs.gov/nwis/inventory?agency_code=USGS&site_no=02243000"
"02243959","OCKLAWAHA R AB RODMAN DAM NR ORANGE SPRINGS,FLA.","ST","USGS",-81.80480679,29.50858114,"http://waterdata.usgs.gov/nwis/inventory?agency_code=USGS&site_no=02243959"
"02243960","OCKLAWAHA R AT RODMAN DAM NEAR ORANGE SPRINGS, FL","ST","USGS",-81.80416670,29.50833333,"http://waterdata.usgs.gov/nwis/inventory?agency_code=USGS&site_no=02243960"
"02244040","ST. JOHNS R AT BUFFALO BLUFF NEAR SATSUMA, FL","ST","USGS",-81.68313800,29.59635820,"http://waterdata.usgs.gov/nwis/inventory?agency_code=USGS&site_no=02244040"
"02244333","HAW CREEK AB RUSSELLS LANDING NR ST JOHNS PARK FL","ST","USGS",-81.37117870,29.39469798,"http://waterdata.usgs.gov/nwis/inventory?agency_code=USGS&site_no=02244333"
"02244440","DUNNS CREEK NEAR SATSUMA, FL","ST","USGS",-81.62619100,29.57774783,"http://waterdata.usgs.gov/nwis/inventory?agency_code=USGS&site_no=02244440"
"02245260","DEEP CREEK AT SPUDS, FL","ST","USGS",-81.48674420,29.72969147,"http://waterdata.usgs.gov/nwis/inventory?agency_code=USGS&site_no=02245260"
"02245500","SOUTH FORK BLACK CREEK NEAR PENNEY FARMS, FL","ST","USGS",-81.85204260,29.97940750,"http://waterdata.usgs.gov/nwis/inventory?agency_code=USGS&site_no=02245500"
"02246000","NORTH FORK BLACK CREEK NEAR MIDDLEBURG, FL","ST","USGS",-81.90649150,30.11329530,"http://waterdata.usgs.gov/nwis/inventory?agency_code=USGS&site_no=02246000"
"02246010","NORTH FORK BLACK CREEK AT MIDDLEBURG, FL","ST","USGS",-81.86371139,30.07607343,"http://waterdata.usgs.gov/nwis/inventory?agency_code=USGS&site_no=02246010"
"02246500","ST. JOHNS RIVER AT JACKSONVILLE, FL","ST","USGS",-81.66537350,30.32246160,"http://waterdata.usgs.gov/nwis/inventory?agency_code=USGS&site_no=02246500"
"02247510","TOMOKA RIVER NEAR HOLLY HILL, FL","ST","USGS",-81.10866870,29.21748099,"http://waterdata.usgs.gov/nwis/inventory?agency_code=USGS&site_no=02247510"
"02248000","SPRUCE CREEK NEAR SAMSULA, FL","ST","USGS",-81.04644550,29.05081845,"http://waterdata.usgs.gov/nwis/inventory?agency_code=USGS&site_no=02248000"
"02248350","TURNBULL CREEK NR OAK HILL, FL","ST","USGS",-80.85978970,28.82106816,"http://waterdata.usgs.gov/nwis/inventory?agency_code=USGS&site_no=02248350"
"02248380","HAULOVER CANAL NEAR MIMS,FL","ST","USGS",-80.75477300,28.73638079,"http://waterdata.usgs.gov/nwis/inventory?agency_code=USGS&site_no=02248380"
"02248600","DRAINAGE CANAL AT PLAZA PKWY AT COCOA, FL","ST-CA","USGS",-80.73795960,28.36874720,"http://waterdata.usgs.gov/nwis/inventory?agency_code=USGS&site_no=02248600"
"02248650","DRAINAGE CNL N OF GUS HIPP BLVD AT ROCKLEDGE, FL","ST","USGS",-80.70669270,28.30641070,"http://waterdata.usgs.gov/nwis/inventory?agency_code=USGS&site_no=02248650"
"02248660","DRAINAGE CNL S OF GUS HIPP BLVD AT ROCKLEDGE, FL","ST","USGS",-80.70451209,28.30307195,"http://waterdata.usgs.gov/nwis/inventory?agency_code=USGS&site_no=02248660"
"02249007","EAU GALLIE RIV AT HEATHER GLEN CIR AT MELBOURNE FL","ST","USGS",-80.64672050,28.12695888,"http://waterdata.usgs.gov/nwis/inventory?agency_code=USGS&site_no=02249007"
"02249500","CRANE CREEK AT MELBOURNE, FL","ST","USGS",-80.62949830,28.07946057,"http://waterdata.usgs.gov/nwis/inventory?agency_code=USGS&site_no=02249500"
"02250030","TURKEY CREEK AT PALM BAY, FL","ST","USGS",-80.59588719,28.01724054,"http://waterdata.usgs.gov/nwis/inventory?agency_code=USGS&site_no=02250030"
"02251000","SOUTH PRONG ST SEBASTIAN RIVER NEAR SEBASTIAN,FL","ST","USGS",-80.50588680,27.76947258,"http://waterdata.usgs.gov/nwis/inventory?agency_code=USGS&site_no=02251000"
"02251500","NORTH PRONG SAINT SEBASTIAN RIVER NEAR MICCO, FL","ST","USGS",-80.52422000,27.85613569,"http://waterdata.usgs.gov/nwis/inventory?agency_code=USGS&site_no=02251500"
"02251767","FELLSMERE CANAL NEAR MICCO, FL","ST","USGS",-80.53422030,27.83058119,"http://waterdata.usgs.gov/nwis/inventory?agency_code=USGS&site_no=02251767"
"02251800","INDIAN RIVER AT WABASSO, FL","ST","USGS",-80.42755160,27.75447297,"http://waterdata.usgs.gov/nwis/inventory?agency_code=USGS&site_no=02251800"
"02252500","NORTH CANAL NEAR VERO BEACH, FL","ST","USGS",-80.42921858,27.69336390,"http://waterdata.usgs.gov/nwis/inventory?agency_code=USGS&site_no=02252500"
"02253000","MAIN CANAL AT VERO BEACH, FL","ST","USGS",-80.40560700,27.64780983,"http://waterdata.usgs.gov/nwis/inventory?agency_code=USGS&site_no=02253000"
"02253500","SOUTH CANAL NEAR VERO BEACH, FL","ST","USGS",-80.38977350,27.60336686,"http://waterdata.usgs.gov/nwis/inventory?agency_code=USGS&site_no=02253500"
"02255600","FISHEATING CREEK NEAR LAKE PLACID,FL","ST","USGS",-81.46146370,27.20921499,"http://waterdata.usgs.gov/nwis/inventory?agency_code=USGS&site_no=02255600"
"02256500","FISHEATING CREEK AT PALMDALE, FL","ST","USGS",-81.31479490,26.93255850,"http://waterdata.usgs.gov/nwis/inventory?agency_code=USGS&site_no=02256500"
"02257000","FISHEATING CREEK AT LAKEPORT, FL","ST","USGS",-81.11784588,26.96255665,"http://waterdata.usgs.gov/nwis/inventory?agency_code=USGS&site_no=02257000"
"02262900","BOGGY CREEK NEAR TAFT, FL","ST","USGS",-81.31062470,28.37139699,"http://waterdata.usgs.gov/nwis/inventory?agency_code=USGS&site_no=02262900"
"02263800","SHINGLE CREEK AT AIRPORT NEAR KISSIMMEE, FL","ST","USGS",-81.45090500,28.30417750,"http://waterdata.usgs.gov/nwis/inventory?agency_code=USGS&site_no=02263800"
"02263869","SOUTH LAKE OUTLET AT S-15, NEAR VINELAND, FL","ST","USGS",-81.53785090,28.41278456,"http://waterdata.usgs.gov/nwis/inventory?agency_code=USGS&site_no=02263869"
"02263870","SOUTH LAKE OUTLET BELOW S-15 NEAR VINELAND, FLA.","ST","USGS",-81.53785090,28.41278456,"http://waterdata.usgs.gov/nwis/inventory?agency_code=USGS&site_no=02263870"
"02264000","CYPRESS CREEK AT VINELAND, FL","ST","USGS",-81.51951730,28.39056323,"http://waterdata.usgs.gov/nwis/inventory?agency_code=USGS&site_no=02264000"
"02264003","CYPRESS CREEK CANAL AT S-103A NEAR VINELAND, FL","ST","USGS",-81.52507290,28.38945214,"http://waterdata.usgs.gov/nwis/inventory?agency_code=USGS&site_no=02264003"
"02264004","LATERAL 103 BELOW S-103A NR VINELAND","ST","USGS",-81.52535068,28.38917437,"http://waterdata.usgs.gov/nwis/inventory?agency_code=USGS&site_no=02264004"
"02264030","LK BUENA VIS TR AT HOTEL PL BLVD AT LK BUENA VISTA","ST","USGS",-81.50697220,28.38050000,"http://waterdata.usgs.gov/nwis/inventory?agency_code=USGS&site_no=02264030"
"02264051","BLACK LK OUTLET AT S-101A, AT LAKE BUENA VISTA, FL","ST","USGS",-81.51500000,28.37444444,"http://waterdata.usgs.gov/nwis/inventory?agency_code=USGS&site_no=02264051"
"02264060","LATERAL 101 AT S-101, NEAR LAKE BUENA VISTA, FL","ST","USGS",-81.52896190,28.37111947,"http://waterdata.usgs.gov/nwis/inventory?agency_code=USGS&site_no=02264060"
"02264061","LATERAL 101 BELOW S-101 NR BUENA VISTA,FL","ST","USGS",-81.52896190,28.37084170,"http://waterdata.usgs.gov/nwis/inventory?agency_code=USGS&site_no=02264061"
"02264100","BONNET CREEK NEAR VINELAND, FL","ST","USGS",-81.52062840,28.32528785,"http://waterdata.usgs.gov/nwis/inventory?agency_code=USGS&site_no=02264100"
"02264140","BONNET CREEK NEAR KISSIMMEE, FL","ST","USGS",-81.52451740,28.30806625,"http://waterdata.usgs.gov/nwis/inventory?agency_code=USGS&site_no=02264140"
"02264141","BONNET CREEK BELOW CULVERTS NEAR KISSIMMEE, FL","ST","USGS",-81.52451740,28.30806625,"http://waterdata.usgs.gov/nwis/inventory?agency_code=USGS&site_no=02264141"
"02264495","SHINGLE CREEK AT CAMPBELL, FL","ST","USGS",-81.44784950,28.26723444,"http://waterdata.usgs.gov/nwis/inventory?agency_code=USGS&site_no=02264495"
"02266025","REEDY CREEK AT S-46 NEAR VINELAND, FL","ST","USGS",-81.61146309,28.40528450,"http://waterdata.usgs.gov/nwis/inventory?agency_code=USGS&site_no=02266025"
"02266026","10B REEDY CREEK BELOW S-46 NR VINELAND FLA","ST","USGS",-81.61146309,28.40417345,"http://waterdata.usgs.gov/nwis/inventory?agency_code=USGS&site_no=02266026"
"02266200","WHITTENHORSE CREEK NEAR VINELAND, FL","ST","USGS",-81.61646320,28.38500749,"http://waterdata.usgs.gov/nwis/inventory?agency_code=USGS&site_no=02266200"
"02266205","WHITTENHORSE CREEK AT S-411, NEAR VINELAND, FL","ST","USGS",-81.61090750,28.39306276,"http://waterdata.usgs.gov/nwis/inventory?agency_code=USGS&site_no=02266205"
"02266206","WHITTENHORSE BELOW S-411 NR VINELAND,FL","ST","USGS",-81.61062980,28.39306277,"http://waterdata.usgs.gov/nwis/inventory?agency_code=USGS&site_no=02266206"
"02266291","LATERAL 405 AT S-405A, NEAR DOCTOR PHILLIPS, FL","ST","USGS",-81.60527780,28.42694444,"http://waterdata.usgs.gov/nwis/inventory?agency_code=USGS&site_no=02266291"
"02266292","LATERAL 405 BL S405A NR DR PHILLIPS, FL","ST","USGS",-81.60868520,28.42639484,"http://waterdata.usgs.gov/nwis/inventory?agency_code=USGS&site_no=02266292"
"02266293","10B LATERAL 405 AB S-405 NEAR VINELAND, FLA","ST","USGS",-81.58443490,28.39472948,"http://waterdata.usgs.gov/nwis/inventory?agency_code=USGS&site_no=02266293"
"02266294","10B LATERAL 405 BL S-405 NEAR VINELAND FLA","ST","USGS",-81.58437940,28.39456280,"http://waterdata.usgs.gov/nwis/inventory?agency_code=USGS&site_no=02266294"
"02266295","LATERAL 410 AT S-410 NEAR VINELAND, FL","ST","USGS",-81.59840740,28.36639716,"http://waterdata.usgs.gov/nwis/inventory?agency_code=USGS&site_no=02266295"
"02266296","LATERAL 410 BL S-410 NR VINELAND, FL","ST","USGS",-81.59868518,28.36639716,"http://waterdata.usgs.gov/nwis/inventory?agency_code=USGS&site_no=02266296"
"02266300","REEDY CREEK NEAR VINELAND, FL","ST","USGS",-81.57979600,28.33278738,"http://waterdata.usgs.gov/nwis/inventory?agency_code=USGS&site_no=02266300"
"02266480","DAVENPORT CREEK NEAR LOUGHMAN, FL","ST","USGS",-81.59090740,28.27112300,"http://waterdata.usgs.gov/nwis/inventory?agency_code=USGS&site_no=02266480"
"02266495","REEDY CREEK AT S-40, NEAR LOUGHMAN, FL","ST","USGS",-81.54396220,28.27584517,"http://waterdata.usgs.gov/nwis/inventory?agency_code=USGS&site_no=02266495"
"02266496","REEDY CREEK BELOW S-40, NEAR LOUGHMAN, FL","ST","USGS",-81.54368439,28.27584517,"http://waterdata.usgs.gov/nwis/inventory?agency_code=USGS&site_no=02266496"
"02266550","REEDY CREEK AT STATE HWY 531 NEAR POINSIANNA, FL","ST","USGS",-81.44090550,28.15001585,"http://waterdata.usgs.gov/nwis/inventory?agency_code=USGS&site_no=02266550"
"02269148","KISSIMMEE RIVER NEAR LORIDA, FL","ST","USGS",-81.21090190,27.52197893,"http://waterdata.usgs.gov/nwis/inventory?agency_code=USGS&site_no=02269148"
"02270000","CARTER CREEK NEAR SEBRING FL","ST","USGS",-81.38757240,27.53225706,"http://waterdata.usgs.gov/nwis/inventory?agency_code=USGS&site_no=02270000"
"02270500","ARBUCKLE CREEK NEAR DE SOTO CITY, FL","ST","USGS",-81.29729280,27.44253750,"http://waterdata.usgs.gov/nwis/inventory?agency_code=USGS&site_no=02270500"
"02271500","JOSEPHINE CREEK NEAR DE SOTO CITY FL","ST","USGS",-81.39340620,27.37420780,"http://waterdata.usgs.gov/nwis/inventory?agency_code=USGS&site_no=02271500"
"02272650","FISH SLOUGH NEAR BASINGER, FL","ST","USGS",-80.92200720,27.46531709,"http://waterdata.usgs.gov/nwis/inventory?agency_code=USGS&site_no=02272650"
"02272676","CYPRESS SLOUGH NEAR BASINGER, FL","ST","USGS",-80.97589739,27.38031945,"http://waterdata.usgs.gov/nwis/inventory?agency_code=USGS&site_no=02272676"
"02273230","C-41 CANAL NEAR BRIGHTON, FL","ST","USGS",-81.20145800,27.21393588,"http://waterdata.usgs.gov/nwis/inventory?agency_code=USGS&site_no=02273230"
"02273630","POPASH SLOUGH NEAR OKEECHOBEE, FL","ST","USGS",-80.89645110,27.24393485,"http://waterdata.usgs.gov/nwis/inventory?agency_code=USGS&site_no=02273630"
"02274005","OTTER CREEK NEAR OKEECHOBEE, FL","ST","USGS",-80.84533880,27.37754217,"http://waterdata.usgs.gov/nwis/inventory?agency_code=USGS&site_no=02274005"
"02274010","TAYLOR CREEK NEAR OKEECHOBEE, FL","ST","USGS",-80.87256170,27.36532020,"http://waterdata.usgs.gov/nwis/inventory?agency_code=USGS&site_no=02274010"
"02274325","TAYLOR CREEK AT GRASSY ISLAND NR OKEECHOBEE, FL","ST","USGS",-80.83833330,27.31638889,"http://waterdata.usgs.gov/nwis/inventory?agency_code=USGS&site_no=02274325"
"02274490","WILLIAMSON DITCH NEAR OKEECHOBEE, FL","ST","USGS",-80.81894930,27.30476650,"http://waterdata.usgs.gov/nwis/inventory?agency_code=USGS&site_no=02274490"
"02274505","WOLFF CREEK NR OKEECHOBEE,FL","ST","USGS",-80.82394940,27.28087828,"http://waterdata.usgs.gov/nwis/inventory?agency_code=USGS&site_no=02274505"
"02275197","MOSQUITO CREEK NEAR OKEECHOBEE, FL","ST","USGS",-80.78061500,27.23726850,"http://waterdata.usgs.gov/nwis/inventory?agency_code=USGS&site_no=02275197"
"02276877","ST. LUCIE CANAL BELOW S-308, NR PORT MAYACA (AUX)","ST-CA","USGS",-80.61644470,26.98366597,"http://waterdata.usgs.gov/nwis/inventory?agency_code=USGS&site_no=02276877"
"02277100","ST LUCIE RIVER AT SPEEDY POINT, STUART FL","ST","USGS",-80.25865920,27.20227000,"http://waterdata.usgs.gov/nwis/inventory?agency_code=USGS&site_no=02277100"
"02277110","ST LUCIE ESTUARY AT A1A (STEELE PT)STUART FL","ES","USGS",-80.20671300,27.19977036,"http://waterdata.usgs.gov/nwis/inventory?agency_code=USGS&site_no=02277110"
"02277600","LOXAHATCHEE RIVER NEAR JUPITER,FL","ST","USGS",-80.17504440,26.93922405,"http://waterdata.usgs.gov/nwis/inventory?agency_code=USGS&site_no=02277600"
"02277602","LOXAHATCHEE RIVER DWS LAINHART DAM NR JUPITER FL","ST","USGS",-80.17488889,26.93927778,"http://waterdata.usgs.gov/nwis/inventory?agency_code=USGS&site_no=02277602"
"02280500","HILLSBORO CANAL BELOW S351 NR SOUTH BAY FLA","ST-CA","USGS",-80.71228100,26.70034336,"http://waterdata.usgs.gov/nwis/inventory?agency_code=USGS&site_no=02280500"
"02281200","HILLSBORO CANAL AT S-6 NEAR SHAWANO","ST-CA","USGS",-80.44588570,26.47201840,"http://waterdata.usgs.gov/nwis/inventory?agency_code=USGS&site_no=02281200"
"02283500","N NEW RIVER CANAL BELOW S351 NR SOUTH  BAY FLA","ST-CA","USGS",-80.71366990,26.69756570,"http://waterdata.usgs.gov/nwis/inventory?agency_code=USGS&site_no=02283500"
"02286400","MIAMI CANAL AT S-354 AND S-3 AT LAKE HARBOR, FLA","ST-CA","USGS",-80.80672780,26.69534407,"http://waterdata.usgs.gov/nwis/inventory?agency_code=USGS&site_no=02286400"
"02287497","N.W. WELLFIELD CANAL NR DADE BROWARD LEVEE NR PENN","ST-CA","USGS",-80.42005379,25.89148430,"http://waterdata.usgs.gov/nwis/inventory?agency_code=USGS&site_no=02287497"
"02288800","TAMIAMI CANAL OUTLETS, MONROE TO CARNESTOWN, FLA","ST-CA","USGS",-81.26163430,25.88772088,"http://waterdata.usgs.gov/nwis/inventory?agency_code=USGS&site_no=02288800"
"02288900","TAMIAMI CANAL OUTLETS, 40-MILE BEND TO MONROE, FL","ST-CA","USGS",-80.98034670,25.85176527,"http://waterdata.usgs.gov/nwis/inventory?agency_code=USGS&site_no=02288900"
"02289019","TAMIAMI CANAL AT S-12-B  NR MIAMI, FL","ST-CA","USGS",-80.76947220,25.76183333,"http://waterdata.usgs.gov/nwis/inventory?agency_code=USGS&site_no=02289019"
"02289035","THREE MILE CANAL BELOW G409 NEAR CLEWISTON, FL","ST-CA","USGS",-80.88161110,26.32719444,"http://waterdata.usgs.gov/nwis/inventory?agency_code=USGS&site_no=02289035"
"02289041","TAMIAMI CANAL BELOW S-12-C, NEARMIAMI, FLA","ST-CA","USGS",-80.72589580,25.76148997,"http://waterdata.usgs.gov/nwis/inventory?agency_code=USGS&site_no=02289041"
"02289060","TAMIAMI CANAL OUTLETS L-30 TO L-67A NR MIAMI, FL","ST-CA","USGS",-80.56089139,25.76148959,"http://waterdata.usgs.gov/nwis/inventory?agency_code=USGS&site_no=02289060"
"02289500","TAMIAMI CANAL NEAR CORAL GABLES, FL","ST-CA","USGS",-80.32810739,25.76232213,"http://waterdata.usgs.gov/nwis/inventory?agency_code=USGS&site_no=02289500"
"022907085","BLACK CREEK CANAL WEST OF U.S. 1 NR  GOULDS, FL","ST","USGS",-80.37875000,25.57091667,"http://waterdata.usgs.gov/nwis/inventory?agency_code=USGS&site_no=022907085"
"022907647","LEVEE 31 NORTH EXTENSION AT 1 MILE NR WEST MIAMI,","ST","USGS",-80.49763889,25.74633333,"http://waterdata.usgs.gov/nwis/inventory?agency_code=USGS&site_no=022907647"
"02290765","LEVEE 31 NORTH EXTENSION AT 3 MILE NR WEST MIAMI F","ST","USGS",-80.49655560,25.71758333,"http://waterdata.usgs.gov/nwis/inventory?agency_code=USGS&site_no=02290765"
"02290766","LEVEE 31 NORTH EXTENSION AT 4 MILE NR WEST MIAMI F","ST","USGS",-80.49597220,25.70216667,"http://waterdata.usgs.gov/nwis/inventory?agency_code=USGS&site_no=02290766"
"02290767","LEVEE 31 NORTH EXTENSION AT 5 MILE NR WEST MIAMI F","ST","USGS",-80.49700100,25.68621447,"http://waterdata.usgs.gov/nwis/inventory?agency_code=USGS&site_no=02290767"
"02290768","LEVEE 31 NORTH EXTENSION AT 7 MILE NR WEST MIAMI F","ST","USGS",-80.49816670,25.66338889,"http://waterdata.usgs.gov/nwis/inventory?agency_code=USGS&site_no=02290768"
"02290769","CANAL 111 AT S-18-C NEAR FLORIDA CITY, FL","ST-CA","USGS",-80.52505900,25.33067204,"http://waterdata.usgs.gov/nwis/inventory?agency_code=USGS&site_no=02290769"
"022908205","NORTH RIVER UPSTREAM OF CUTOFF NEAR FLAMINGO, FL","ST","USGS",-80.91312560,25.33900677,"http://waterdata.usgs.gov/nwis/inventory?agency_code=USGS&site_no=022908205"
"022908295","BOTTLE CREEK AT ROOKERY BRANCH NEAR HOMESTEAD, FL","ST","USGS",-80.85452780,25.46797778,"http://waterdata.usgs.gov/nwis/inventory?agency_code=USGS&site_no=022908295"
"02290878","BROAD RIVER NEAR THE CUTOFF, FL","ST","USGS",-81.07694440,25.50138889,"http://waterdata.usgs.gov/nwis/inventory?agency_code=USGS&site_no=02290878"
"02290888","CHATHAM RIVER NEAR THE WATSON PLACE, FL","ST","USGS",-81.24972220,25.70916667,"http://waterdata.usgs.gov/nwis/inventory?agency_code=USGS&site_no=02290888"
"02290918","LOSTMANS RIVER BELOW SECOND BAY, FL","ST","USGS",-81.16472220,25.55555556,"http://waterdata.usgs.gov/nwis/inventory?agency_code=USGS&site_no=02290918"
"02290928","BARRON RIVER AT EVERGLADES CITY, FL","ST","USGS",-81.38250000,25.86972220,"http://waterdata.usgs.gov/nwis/inventory?agency_code=USGS&site_no=02290928"
"02290930","TURNER RIVER NR CHOKOLOSKEE ISLAND, FL","ST","USGS",-81.34166670,25.82861110,"http://waterdata.usgs.gov/nwis/inventory?agency_code=USGS&site_no=02290930"
"02290940","NEW RIVER AT SUNDAY BAY, FL","ST","USGS",-81.25555560,25.79750000,"http://waterdata.usgs.gov/nwis/inventory?agency_code=USGS&site_no=02290940"
"02290942","LOPEZ RIVER NEAR LOPEZ CAMPSITE, FL","ST","USGS",-81.29972220,25.79138889,"http://waterdata.usgs.gov/nwis/inventory?agency_code=USGS&site_no=02290942"
"02291000","BARRON RIVER NR EVERGLADES, FLA.","ST","USGS",-81.35507800,25.95815178,"http://waterdata.usgs.gov/nwis/inventory?agency_code=USGS&site_no=02291000"
"02291310","GORDON RIVER AT ROWING CLUB POINT NEAR NAPLES, FL","ES","USGS",-81.78610560,26.14941667,"http://waterdata.usgs.gov/nwis/inventory?agency_code=USGS&site_no=02291310"
"02291315","NAPLES BAY AT CITY DOCK NEAR NAPLES, FL","ES","USGS",-81.79283060,26.13276667,"http://waterdata.usgs.gov/nwis/inventory?agency_code=USGS&site_no=02291315"
"02291330","NAPLES BAY AT GORDON PASS NEAR NAPLES, FL","ES","USGS",-81.79814170,26.09313333,"http://waterdata.usgs.gov/nwis/inventory?agency_code=USGS&site_no=02291330"
"02291500","IMPERIAL RIVER NEAR BONITA SPRINGS, FL","ST","USGS",-81.74952979,26.33563940,"http://waterdata.usgs.gov/nwis/inventory?agency_code=USGS&site_no=02291500"
"02291524","SPRING CREEK HEADWATER NEAR BONITA SPRINGS, FL","ST","USGS",-81.79064170,26.36202754,"http://waterdata.usgs.gov/nwis/inventory?agency_code=USGS&site_no=02291524"
"02291580","NORTH BRANCH ESTERO RIVER AT ESTERO, FL","ST","USGS",-81.79564100,26.44202474,"http://waterdata.usgs.gov/nwis/inventory?agency_code=USGS&site_no=02291580"
"02291597","SOUTH BRANCH ESTERO RIVER AT ESTERO, FL","ST","USGS",-81.69313860,26.42896906,"http://waterdata.usgs.gov/nwis/inventory?agency_code=USGS&site_no=02291597"
"02291669","SIXMILE CYPRESS CREEK NEAR FORT MYERS,  FL","ST","USGS",-81.85230848,26.52202187,"http://waterdata.usgs.gov/nwis/inventory?agency_code=USGS&site_no=02291669"
"02291673","TENMILE CANAL AT CONTROL NEAR ESTERO, FL","ST-CA","USGS",-81.84980850,26.50563367,"http://waterdata.usgs.gov/nwis/inventory?agency_code=USGS&site_no=02291673"
"02291710","BRIARCLIFF DITCH AT MOUTH NEAR ESTERO,FL","ST-DCH","USGS",-81.85258640,26.50674474,"http://waterdata.usgs.gov/nwis/inventory?agency_code=USGS&site_no=02291710"
"02292010","CALOOSAHATCHEE CANAL DWS OF S-77 AT MOORE HAVEN FL","ST-CA","USGS",-81.08888889,26.83333333,"http://waterdata.usgs.gov/nwis/inventory?agency_code=USGS&site_no=02292010"
"02292900","CALOOSAHATCHEE RIVER AT S-79, NR.OLGA, FLA","ST","USGS",-81.69841490,26.72395700,"http://waterdata.usgs.gov/nwis/inventory?agency_code=USGS&site_no=02292900"
"02293230","WHISKEY CREEK AT FT. MYERS, FL","ST","USGS",-81.89119810,26.57451975,"http://waterdata.usgs.gov/nwis/inventory?agency_code=USGS&site_no=02293230"
"02293249","McIntyre Creek at Sanibel Island","ES","USGS",-82.10455560,26.46427778,"http://waterdata.usgs.gov/nwis/inventory?agency_code=USGS&site_no=02293249"
"02293252","DURDEN CREEK NR CAPE CORAL, FL","ES","USGS",-82.06002780,26.74383333,"http://waterdata.usgs.gov/nwis/inventory?agency_code=USGS&site_no=02293252"
"02293254","YUCCA PENS CREEK NR CAPE CORAL, FL","ES","USGS",-82.05947220,26.75533333,"http://waterdata.usgs.gov/nwis/inventory?agency_code=USGS&site_no=02293254"
"02293262","GATOR SLOUGH WEST OF US-41 NEAR FT. MYERS FL","ST","USGS",-81.92083330,26.74194444,"http://waterdata.usgs.gov/nwis/inventory?agency_code=USGS&site_no=02293262"
"02293263","GATOR SLOUGH ABOVE WEIR 19 AT CAPE CORAL, FL","ST","USGS",-81.95669720,26.72563333,"http://waterdata.usgs.gov/nwis/inventory?agency_code=USGS&site_no=02293263"
"02293987","PEACE CREEK DRAINAGE CANAL NEAR WAHNETA FL","ST-CA","USGS",-81.72674630,27.92474686,"http://waterdata.usgs.gov/nwis/inventory?agency_code=USGS&site_no=02293987"
"02294161","PEACE CREEK NEAR BARTOW FL","ST","USGS",-81.79555560,27.92444444,"http://waterdata.usgs.gov/nwis/inventory?agency_code=USGS&site_no=02294161"
"02294217","SADDLE CREEK AT ST.HWY 542 NEAR LAKELAND FL","ST","USGS",-81.87619200,28.04418733,"http://waterdata.usgs.gov/nwis/inventory?agency_code=USGS&site_no=02294217"
"02294260","LAKE PARKER OUTLET AT LAKELAND FL","ST-CA","USGS",-81.91424800,28.05974220,"http://waterdata.usgs.gov/nwis/inventory?agency_code=USGS&site_no=02294260"
"02294290","SADDLE CREEK AT STATE HWY 570 NEAR EATON PARK FL","ST","USGS",-81.85202540,28.00446680,"http://waterdata.usgs.gov/nwis/inventory?agency_code=USGS&site_no=02294290"
"02294330","LAKE LENA RUN NEAR AUBURNDALE FL","ST","USGS",-81.81202490,28.00002249,"http://waterdata.usgs.gov/nwis/inventory?agency_code=USGS&site_no=02294330"
"02294405","BANANA-HANCOCK CANAL NR HIGHLAND CITY, FL","ST-CA","USGS",-81.89341510,27.98280097,"http://waterdata.usgs.gov/nwis/inventory?agency_code=USGS&site_no=02294405"
"02294491","SADDLE CREEK AT STRUCTURE P-11 NEAR BARTOW FL","ST","USGS",-81.85119270,27.93835785,"http://waterdata.usgs.gov/nwis/inventory?agency_code=USGS&site_no=02294491"
"02294650","PEACE RIVER AT BARTOW FL","ST","USGS",-81.81730360,27.90224784,"http://waterdata.usgs.gov/nwis/inventory?agency_code=USGS&site_no=02294650"
"02294898","PEACE RIVER AT FORT MEADE FL","ST","USGS",-81.78202660,27.75141930,"http://waterdata.usgs.gov/nwis/inventory?agency_code=USGS&site_no=02294898"
"02295163","WHIDDEN CREEK NEAR FORT MEADE FL","ST","USGS",-81.80758260,27.70725400,"http://waterdata.usgs.gov/nwis/inventory?agency_code=USGS&site_no=02295163"
"02295194","PEACE RIVER AT BOWLING GREEN FL","ST","USGS",-81.80230470,27.64614480,"http://waterdata.usgs.gov/nwis/inventory?agency_code=USGS&site_no=02295194"
"02295420","PAYNE CREEK NEAR BOWLING GREEN FL","ST","USGS",-81.82563840,27.62059006,"http://waterdata.usgs.gov/nwis/inventory?agency_code=USGS&site_no=02295420"
"02295520","LITTLE CHARLIE CREEK NEAR BOWLING GREEN FL","ST","USGS",-81.72775000,27.62708333,"http://waterdata.usgs.gov/nwis/inventory?agency_code=USGS&site_no=02295520"
"02295580","LITTLE CHARLIE CREEK NEAR MOUTH NEAR WAUCHULA FL","ST","USGS",-81.79683330,27.57905556,"http://waterdata.usgs.gov/nwis/inventory?agency_code=USGS&site_no=02295580"
"02295637","PEACE RIVER AT ZOLFO SPRINGS FL","ST","USGS",-81.80091570,27.50448250,"http://waterdata.usgs.gov/nwis/inventory?agency_code=USGS&site_no=02295637"
"02296260","CHARLIE CREEK NEAR CREWSVILLE FL","ST","USGS",-81.67841280,27.45948376,"http://waterdata.usgs.gov/nwis/inventory?agency_code=USGS&site_no=02296260"
"02296500","CHARLIE CREEK NEAR GARDNER FL","ST","USGS",-81.79647080,27.37504297,"http://waterdata.usgs.gov/nwis/inventory?agency_code=USGS&site_no=02296500"
"02296750","PEACE RIVER AT ARCADIA FL","ST","USGS",-81.87619460,27.22088245,"http://waterdata.usgs.gov/nwis/inventory?agency_code=USGS&site_no=02296750"
"02297100","JOSHUA CREEK AT NOCATEE FL","ST","USGS",-81.87952820,27.16671794,"http://waterdata.usgs.gov/nwis/inventory?agency_code=USGS&site_no=02297100"
"02297105","PEACE RIVER AT NOCATEE FL","ST","USGS",-81.90194440,27.16250000,"http://waterdata.usgs.gov/nwis/inventory?agency_code=USGS&site_no=02297105"
"02297155","HORSE CREEK NEAR MYAKKA HEAD FL","ST","USGS",-82.02341970,27.48726130,"http://waterdata.usgs.gov/nwis/inventory?agency_code=USGS&site_no=02297155"
"02297310","HORSE CREEK NEAR ARCADIA FL","ST","USGS",-81.98841930,27.19949477,"http://waterdata.usgs.gov/nwis/inventory?agency_code=USGS&site_no=02297310"
"02297345","PEACE RIVER AT PLATT FL","ST","USGS",-81.99944440,27.08666667,"http://waterdata.usgs.gov/nwis/inventory?agency_code=USGS&site_no=02297345"
"02297350","PEACE RIVER NR PEACE RIVER HEIGHTS NR FT. OGDEN FL","ST","USGS",-82.00730919,27.07755529,"http://waterdata.usgs.gov/nwis/inventory?agency_code=USGS&site_no=02297350"
"02297600","SHELL CREEK AT CIRCLE K GROVES NEAR FT OGDEN FL","ST","USGS",-81.82663610,26.96734444,"http://waterdata.usgs.gov/nwis/inventory?agency_code=USGS&site_no=02297600"
"02297635","SHELL CREEK ON CR 764 NEAR PUNTA GORDA FL","ST","USGS",-81.88750000,26.97500000,"http://waterdata.usgs.gov/nwis/inventory?agency_code=USGS&site_no=02297635"
"02298110","PRAIRIE CREEK UPSTREAM OF SR 31 NEAR FT OGDEN FL","ST","USGS",-81.74316670,27.04155556,"http://waterdata.usgs.gov/nwis/inventory?agency_code=USGS&site_no=02298110"
"02298123","PRAIRIE CREEK NEAR FORT OGDEN FL","ST","USGS",-81.78452670,27.05199986,"http://waterdata.usgs.gov/nwis/inventory?agency_code=USGS&site_no=02298123"
"02298170","PRAIRIE CREEK ON CR 764 NEAR PUNTA GORDA FL","ST","USGS",-81.89472220,26.99027778,"http://waterdata.usgs.gov/nwis/inventory?agency_code=USGS&site_no=02298170"
"02298202","SHELL CREEK NEAR PUNTA GORDA FL","ST","USGS",-81.93564140,26.98478094,"http://waterdata.usgs.gov/nwis/inventory?agency_code=USGS&site_no=02298202"
"02298488","MYAKKA RIVER UPST FROM YOUNGS CK NR MYAKKA CITY FL","ST","USGS",-82.13869970,27.42920840,"http://waterdata.usgs.gov/nwis/inventory?agency_code=USGS&site_no=02298488"
"02298492","LONG CREEK NEAR MYAKKA CITY FL","ST","USGS",-82.12647720,27.40948690,"http://waterdata.usgs.gov/nwis/inventory?agency_code=USGS&site_no=02298492"
"02298494","FLATFORD SWAMP NR MYAKKA RIVER NR MYAKKA CITY FL","WE","USGS",-82.14231089,27.39393200,"http://waterdata.usgs.gov/nwis/inventory?agency_code=USGS&site_no=02298494"
"02298495","MAPLE CREEK NEAR MYAKKA CITY FL","ST","USGS",-82.12981070,27.38448789,"http://waterdata.usgs.gov/nwis/inventory?agency_code=USGS&site_no=02298495"
"02298527","OGLEBY CK DNSTR FROM BOGGY CK NEAR MYAKKA CITY FL","ST","USGS",-82.18175600,27.40365397,"http://waterdata.usgs.gov/nwis/inventory?agency_code=USGS&site_no=02298527"
"02298530","COKER CREEK NEAR MYAKKA CITY FL","ST","USGS",-82.17508930,27.40976480,"http://waterdata.usgs.gov/nwis/inventory?agency_code=USGS&site_no=02298530"
"02298554","MYAKKA RIVER NEAR MYAKKA CITY FL","ST","USGS",-82.14925550,27.36615530,"http://waterdata.usgs.gov/nwis/inventory?agency_code=USGS&site_no=02298554"
"02298608","MYAKKA RIVER AT MYAKKA CITY FL","ST","USGS",-82.15675560,27.34365620,"http://waterdata.usgs.gov/nwis/inventory?agency_code=USGS&site_no=02298608"
"02298760","HOWARD CREEK NEAR SARASOTA FL","ST","USGS",-82.34009290,27.28838098,"http://waterdata.usgs.gov/nwis/inventory?agency_code=USGS&site_no=02298760"
"02298830","MYAKKA RIVER NEAR SARASOTA FL","ST","USGS",-82.31370350,27.24060500,"http://waterdata.usgs.gov/nwis/inventory?agency_code=USGS&site_no=02298830"
"02298880","MYAKKA RIVER AT CONTROL NEAR LAUREL FL","ST","USGS",-82.35564940,27.18560730,"http://waterdata.usgs.gov/nwis/inventory?agency_code=USGS&site_no=02298880"
"02299230","MYAKKA RIVER AT NORTH PORT CHARLOTTE FL","ST","USGS",-82.29306550,27.04519625,"http://waterdata.usgs.gov/nwis/inventory?agency_code=USGS&site_no=02299230"
"02299410","BIG SLOUGH CANAL NEAR MYAKKA CITY FL","ST-CA","USGS",-82.14425580,27.19338430,"http://waterdata.usgs.gov/nwis/inventory?agency_code=USGS&site_no=02299410"
"02299450","BIG SLOUGH AT TROPICAIRE BLVD NEAR NORTH PORT FL","ST","USGS",-82.19342390,27.12116517,"http://waterdata.usgs.gov/nwis/inventory?agency_code=USGS&site_no=02299450"
"02299472","BIG SLOUGH AT WEST PRICE BLVD NEAR NORTH PORT FL","ST","USGS",-82.22033330,27.06933333,"http://waterdata.usgs.gov/nwis/inventory?agency_code=USGS&site_no=02299472"
"02299482","COCOPLUM WATERWAY AT NORTH PORT FL","ST","USGS",-82.23533330,27.04561110,"http://waterdata.usgs.gov/nwis/inventory?agency_code=USGS&site_no=02299482"
"02299484","BIG SLOUGH AT WCS-101 AT NORTH PORT FL","ST","USGS",-82.23786980,27.04700165,"http://waterdata.usgs.gov/nwis/inventory?agency_code=USGS&site_no=02299484"
"02299496","MYAKKA R AT EL JOBEAN FL","ST","USGS",-82.21259210,26.95811636,"http://waterdata.usgs.gov/nwis/inventory?agency_code=USGS&site_no=02299496"
"02299710","COW PEN SLOUGH AT CONTROL NEAR BEE RIDGE FL","ST","USGS",-82.39611940,27.23472220,"http://waterdata.usgs.gov/nwis/inventory?agency_code=USGS&site_no=02299710"
"02299727","SHAKETT CREEK NEAR NOKOMIS FL","ST","USGS",-82.43009580,27.14394246,"http://waterdata.usgs.gov/nwis/inventory?agency_code=USGS&site_no=02299727"
"02299733","DONNA BAY AT NOKOMIS FL","ES","USGS",-82.45648550,27.11366590,"http://waterdata.usgs.gov/nwis/inventory?agency_code=USGS&site_no=02299733"
"02299735","VENICE INLET AT CROW'S NEST MARINA AT VENICE FL","ES","USGS",-82.46555560,27.11222220,"http://waterdata.usgs.gov/nwis/inventory?agency_code=USGS&site_no=02299735"
"02299861","WALKER CREEK NEAR SARASOTA FL","ST","USGS",-82.54426390,27.36782220,"http://waterdata.usgs.gov/nwis/inventory?agency_code=USGS&site_no=02299861"
"02299950","MANATEE RIVER NEAR MYAKKA HEAD FL","ST","USGS",-82.21120100,27.47365137,"http://waterdata.usgs.gov/nwis/inventory?agency_code=USGS&site_no=02299950"
"023000095","MANATEE RIVER AT RYE FL","ST","USGS",-82.36703750,27.51364999,"http://waterdata.usgs.gov/nwis/inventory?agency_code=USGS&site_no=023000095"
"02300017","GAMBLE CREEK AT COUNTY ROAD 675 NEAR PARRISH FL","ST","USGS",-82.39738889,27.57577778,"http://waterdata.usgs.gov/nwis/inventory?agency_code=USGS&site_no=02300017"
"02300018","GAMBLE CREEK NEAR PARRISH FL","ST","USGS",-82.38953790,27.55337054,"http://waterdata.usgs.gov/nwis/inventory?agency_code=USGS&site_no=02300018"
"02300021","MANATEE RIVER AT FORT HAMER FL","ES","USGS",-82.42814990,27.51837203,"http://waterdata.usgs.gov/nwis/inventory?agency_code=USGS&site_no=02300021"
"02300033","BRADEN RIV AT LAKEWOOD RANCH NR LORRAINE FL","ST","USGS",-82.42611110,27.42055556,"http://waterdata.usgs.gov/nwis/inventory?agency_code=USGS&site_no=02300033"
"02300042","WARD LAKE NEAR BRADENTON FL","LK","USGS",-82.48759580,27.44143074,"http://waterdata.usgs.gov/nwis/inventory?agency_code=USGS&site_no=02300042"
"02300075","FROG CREEK AT BUFFALO ROAD NEAR RUBONIA FL","ST","USGS",-82.51338889,27.57991667,"http://waterdata.usgs.gov/nwis/inventory?agency_code=USGS&site_no=02300075"
"02300082","FROG CREEK NEAR RUBONIA FL","ST","USGS",-82.53972220,27.58805556,"http://waterdata.usgs.gov/nwis/inventory?agency_code=USGS&site_no=02300082"
"02300100","LITTLE MANATEE RIVER NEAR FT. LONESOME FL","ST","USGS",-82.19786720,27.70475366,"http://waterdata.usgs.gov/nwis/inventory?agency_code=USGS&site_no=02300100"
"02300210","SOUTH FORK LITTLE MANATEE RIVER NEAR PARRISH FL","ST","USGS",-82.21120090,27.60197978,"http://waterdata.usgs.gov/nwis/inventory?agency_code=USGS&site_no=02300210"
"02300300","SOUTH FORK LITTLE MANATEE RIVER NEAR WIMAUMA FL","ST","USGS",-82.29425800,27.64947780,"http://waterdata.usgs.gov/nwis/inventory?agency_code=USGS&site_no=02300300"
"02300500","LITTLE MANATEE RIVER NEAR WIMAUMA FL","ST","USGS",-82.35259250,27.67114344,"http://waterdata.usgs.gov/nwis/inventory?agency_code=USGS&site_no=02300500"
"02300700","BULLFROG CREEK NEAR WIMAUMA FL","ST","USGS",-82.35203690,27.79197208,"http://waterdata.usgs.gov/nwis/inventory?agency_code=USGS&site_no=02300700"
"02300703","BULLFROG CREEK NEAR RIVERVIEW FL","ST","USGS",-82.34620350,27.83502623,"http://waterdata.usgs.gov/nwis/inventory?agency_code=USGS&site_no=02300703"
"02300882","NORTH PRONG ALAFIA RIVER NEAR NICHOLS FL","ST","USGS",-82.01175129,27.89030394,"http://waterdata.usgs.gov/nwis/inventory?agency_code=USGS&site_no=02300882"
"02300995","THIRTYMILE CREEK NEAR NICHOLS FL","ST","USGS",-82.04869680,27.88002630,"http://waterdata.usgs.gov/nwis/inventory?agency_code=USGS&site_no=02300995"
"02301000","NORTH PRONG ALAFIA RIVER AT KEYSVILLE FL","ST","USGS",-82.10008689,27.88391480,"http://waterdata.usgs.gov/nwis/inventory?agency_code=USGS&site_no=02301000"
"02301150","SOUTH PRONG ALAFIA RIVER NEAR FT LONESOME FL","ST","USGS",-82.07427780,27.72930556,"http://waterdata.usgs.gov/nwis/inventory?agency_code=USGS&site_no=02301150"
"02301300","SOUTH PRONG ALAFIA RIVER NEAR LITHIA FL","ST","USGS",-82.11758770,27.79669525,"http://waterdata.usgs.gov/nwis/inventory?agency_code=USGS&site_no=02301300"
"02301500","ALAFIA RIVER AT LITHIA FL","ST","USGS",-82.21120080,27.87224800,"http://waterdata.usgs.gov/nwis/inventory?agency_code=USGS&site_no=02301500"
"02301638","ALAFIA RIVER AT BELL SHOALS NEAR RIVERVIEW FL","ST","USGS",-82.27370210,27.85891477,"http://waterdata.usgs.gov/nwis/inventory?agency_code=USGS&site_no=02301638"
"02301718","ALAFIA RIVER AT RIVERVIEW FL","ST","USGS",-82.31981410,27.86780308,"http://waterdata.usgs.gov/nwis/inventory?agency_code=USGS&site_no=02301718"
"02301719","ALAFIA RIVER NEAR GIBSONTON FL","ST","USGS",-82.35759260,27.85696987,"http://waterdata.usgs.gov/nwis/inventory?agency_code=USGS&site_no=02301719"
"02301721","ALAFIA RIVER AT GIBSONTON FL","ST","USGS",-82.38425980,27.85974739,"http://waterdata.usgs.gov/nwis/inventory?agency_code=USGS&site_no=02301721"
"02301738","ARCHIE CREEK AT 78TH STREET NEAR TAMPA FL","ST","USGS",-82.37064840,27.88002457,"http://waterdata.usgs.gov/nwis/inventory?agency_code=USGS&site_no=02301738"
"02301740","NORTH ARCHIE CREEK AT PROGRESS BLVD. NEAR TAMPA FL","ST","USGS",-82.34981470,27.89669080,"http://waterdata.usgs.gov/nwis/inventory?agency_code=USGS&site_no=02301740"
"02301745","DELANEY CREEK POPOFF CANAL NEAR TAMPA FL","ST","USGS",-82.37703750,27.90224600,"http://waterdata.usgs.gov/nwis/inventory?agency_code=USGS&site_no=02301745"
"02301750","DELANEY CREEK NEAR TAMPA FL","ST","USGS",-82.36425950,27.92585640,"http://waterdata.usgs.gov/nwis/inventory?agency_code=USGS&site_no=02301750"
"02301793","EAST LAKE OUTFALL AT E. CHELSEA ST. NEAR TAMPA FL","ST","USGS",-82.37175969,27.98502100,"http://waterdata.usgs.gov/nwis/inventory?agency_code=USGS&site_no=02301793"
"02301900","FOX BRANCH NEAR SOCRUM, FL","ST","USGS",-82.01250000,28.18194444,"http://waterdata.usgs.gov/nwis/inventory?agency_code=USGS&site_no=02301900"
"02301990","HILLSBOROUGH R AB CRYSTAL SPR NEAR ZEPHYRHILLS FL","ST","USGS",-82.18416670,28.18555556,"http://waterdata.usgs.gov/nwis/inventory?agency_code=USGS&site_no=02301990"
"02302000","CRYSTAL SPRINGS NEAR ZEPHYRHILLS FL","SP","USGS",-82.18527780,28.18194444,"http://waterdata.usgs.gov/nwis/inventory?agency_code=USGS&site_no=02302000"
"02302010","HILLSBOROUGH R BL CRYSTAL SPR NEAR ZEPHYRHILLS FL","ST","USGS",-82.18916670,28.17861110,"http://waterdata.usgs.gov/nwis/inventory?agency_code=USGS&site_no=02302010"
"02302500","BLACKWATER CREEK NEAR KNIGHTS FL","ST","USGS",-82.15000000,28.13972220,"http://waterdata.usgs.gov/nwis/inventory?agency_code=USGS&site_no=02302500"
"02303000","HILLSBOROUGH RIVER NEAR ZEPHYRHILLS FL","ST","USGS",-82.23175318,28.15029044,"http://waterdata.usgs.gov/nwis/inventory?agency_code=USGS&site_no=02303000"
"02303205","BAKER CREEK AT MCINTOSH ROAD NEAR ANTIOCH FL","ST","USGS",-82.24536780,28.02835317,"http://waterdata.usgs.gov/nwis/inventory?agency_code=USGS&site_no=02303205"
"02303330","HILLSBOROUGH R AT MORRIS BR NEAR THONOTOSASSA FL","ST","USGS",-82.31138889,28.09861110,"http://waterdata.usgs.gov/nwis/inventory?agency_code=USGS&site_no=02303330"
"02303348","TROUT CREEK AT WESLEY CHAPEL FL","ST","USGS",-82.36222220,28.17133333,"http://waterdata.usgs.gov/nwis/inventory?agency_code=USGS&site_no=02303348"
"02303350","TROUT CREEK NEAR SULPHUR SPRINGS FL","ST","USGS",-82.36194440,28.13472220,"http://waterdata.usgs.gov/nwis/inventory?agency_code=USGS&site_no=02303350"
"02303400","CYPRESS CREEK NEAR SAN ANTONIO FL","ST","USGS",-82.38361110,28.32388889,"http://waterdata.usgs.gov/nwis/inventory?agency_code=USGS&site_no=02303400"
"02303410","CYPRESS CREEK TRIBUTARY NR WESLEY CHAPEL FL","ST","USGS",-82.38611110,28.25936110,"http://waterdata.usgs.gov/nwis/inventory?agency_code=USGS&site_no=02303410"
"02303420","CYPRESS CREEK AT WORTHINGTON GARDENS FL","ST","USGS",-82.40222220,28.18722220,"http://waterdata.usgs.gov/nwis/inventory?agency_code=USGS&site_no=02303420"
"02303800","CYPRESS CREEK NEAR SULPHUR SPRINGS FL","ST","USGS",-82.40916670,28.08888889,"http://waterdata.usgs.gov/nwis/inventory?agency_code=USGS&site_no=02303800"
"02304000","HILLSBOROUGH R AT FOWLER AV NEAR TEMPLE TERRACE FL","ST","USGS",-82.36370320,28.05446224,"http://waterdata.usgs.gov/nwis/inventory?agency_code=USGS&site_no=02304000"
"02304500","HILLSBOROUGH RIVER NEAR TAMPA FL","ST","USGS",-82.42759390,28.02390784,"http://waterdata.usgs.gov/nwis/inventory?agency_code=USGS&site_no=02304500"
"02304520","HILLSBOROUGH RIVER AT SULPHUR SPRINGS FL","ST","USGS",-82.45176100,28.01974120,"http://waterdata.usgs.gov/nwis/inventory?agency_code=USGS&site_no=02304520"
"02305851","CURIOSITY CREEK AT 122ND AVE NEAR SULPHUR SPGS. FL","ST","USGS",-82.46120550,28.05862836,"http://waterdata.usgs.gov/nwis/inventory?agency_code=USGS&site_no=02305851"
"02306000","SULPHUR SPRINGS AT SULPHUR SPRINGS FL","SP","USGS",-82.45176100,28.02113004,"http://waterdata.usgs.gov/nwis/inventory?agency_code=USGS&site_no=02306000"
"023060003","SULPHUR SPRINGS RUN AT SULPHUR SPRINGS FL","SP","USGS",-82.45231658,28.02113003,"http://waterdata.usgs.gov/nwis/inventory?agency_code=USGS&site_no=023060003"
"023060013","HILLSBOROUGH R. AT I-275 BRIDGE AT SULPHUR SPGS FL","ST","USGS",-82.45481660,28.02029670,"http://waterdata.usgs.gov/nwis/inventory?agency_code=USGS&site_no=023060013"
"02306028","HILLSBOROUGH RIVER AT PLATT STREET AT TAMPA FL","ST","USGS",-82.45870570,27.94196627,"http://waterdata.usgs.gov/nwis/inventory?agency_code=USGS&site_no=02306028"
"02306647","SWEETWATER CREEK NEAR TAMPA FL","ST","USGS",-82.54509630,28.01390775,"http://waterdata.usgs.gov/nwis/inventory?agency_code=USGS&site_no=02306647"
"02306654","HENRY STREET CANAL NEAR TAMPA FL","ST-CA","USGS",-82.55120759,28.00001940,"http://waterdata.usgs.gov/nwis/inventory?agency_code=USGS&site_no=02306654"
"02306774","ROCKY CREEK AT ST HWY 587 AT CITRUS PARK FL","ST","USGS",-82.56583330,28.06583333,"http://waterdata.usgs.gov/nwis/inventory?agency_code=USGS&site_no=02306774"
"02306904","BRUSHY CREEK NEAR SULPHUR SPRINGS","ST","USGS",-82.52500000,28.08386110,"http://waterdata.usgs.gov/nwis/inventory?agency_code=USGS&site_no=02306904"
"02306950","BRUSHY CREEK NEAR CITRUS PARK FL","ST","USGS",-82.55537440,28.06501684,"http://waterdata.usgs.gov/nwis/inventory?agency_code=USGS&site_no=02306950"
"02307032","DOUBLE BRANCH AT COUNTRY WAY BLVD NEAR OLDSMAR FL","ST","USGS",-82.62676490,28.05085070,"http://waterdata.usgs.gov/nwis/inventory?agency_code=USGS&site_no=02307032"
"02307200","BROOKER CREEK AT VAN DYKE RD NEAR CITRUS PARK FL","ST","USGS",-82.57037480,28.12890323,"http://waterdata.usgs.gov/nwis/inventory?agency_code=USGS&site_no=02307200"
"02307323","BROOKER CREEK NEAR LAKE FERN FL","ST","USGS",-82.63982090,28.14084726,"http://waterdata.usgs.gov/nwis/inventory?agency_code=USGS&site_no=02307323"
"02307359","BROOKER CREEK NEAR TARPON SPRINGS FL","ST","USGS",-82.68732190,28.09612675,"http://waterdata.usgs.gov/nwis/inventory?agency_code=USGS&site_no=02307359"
"02307362","BROOKER CREEK AT TARPON WOODS BLVD NR OLDSMAR FL","ST","USGS",-82.69287760,28.08584936,"http://waterdata.usgs.gov/nwis/inventory?agency_code=USGS&site_no=02307362"
"02307445","SOUTH BRANCH BROOKER CREEK NEAR OLDSMAR FL","ST","USGS",-82.69777780,28.07705556,"http://waterdata.usgs.gov/nwis/inventory?agency_code=USGS&site_no=02307445"
"02307498","LAKE TARPON CANAL AT S-551, NEAR OLDSMAR FL","ST-CA","USGS",-82.71093360,28.05362833,"http://waterdata.usgs.gov/nwis/inventory?agency_code=USGS&site_no=02307498"
"02307668","ALLIGATOR CREEK BELOW BELCHER RD AT CLEARWATER FL","ST","USGS",-82.74232320,27.97974210,"http://waterdata.usgs.gov/nwis/inventory?agency_code=USGS&site_no=02307668"
"02307669","ALLIGATOR CREEK AT HIGHWAY 19 AT CLEARWATER FL","ST","USGS",-82.72944440,27.97319444,"http://waterdata.usgs.gov/nwis/inventory?agency_code=USGS&site_no=02307669"
"02307674","ALLIGATOR CREEK AT KAPOK PARK AT CLEARWATER FL","ST","USGS",-82.71315580,27.97550618,"http://waterdata.usgs.gov/nwis/inventory?agency_code=USGS&site_no=02307674"
"02307780","LONG BRANCH NEAR PINELLAS PARK FL","ST","USGS",-82.72482280,27.91585545,"http://waterdata.usgs.gov/nwis/inventory?agency_code=USGS&site_no=02307780"
"02307834","UPPER HIGHLANDS CANAL AT CONTROL NR PINELLAS PK FL","ST-CA","USGS",-82.68972220,27.87194444,"http://waterdata.usgs.gov/nwis/inventory?agency_code=USGS&site_no=02307834"
"02307835","UPPER HIGHLANDS CANAL BL CONTROL NR PINELLAS PK FL","ST-CA","USGS",-82.68972220,27.87194444,"http://waterdata.usgs.gov/nwis/inventory?agency_code=USGS&site_no=02307835"
"02307836","ROOSEVELT RESERVOIR AT OUTFALL NR PINELLAS PK FL","LK","USGS",-82.69000000,27.87138889,"http://waterdata.usgs.gov/nwis/inventory?agency_code=USGS&site_no=02307836"
"02308861","CROSS BAYOU CNL AT CEDAR BRK DR AT PINELLAS PK FL","ST-CA","USGS",-82.72676720,27.87335690,"http://waterdata.usgs.gov/nwis/inventory?agency_code=USGS&site_no=02308861"
"02308865","ROOSEVELT CANAL AT STR 23-8 NR PINELLAS PARK FL","ST-CA","USGS",-82.67565490,27.90752248,"http://waterdata.usgs.gov/nwis/inventory?agency_code=USGS&site_no=02308865"
"02308866","ROOSEVELT CANAL BELOW STR 23-8 NR PINELLAS PARK FL","ST-CA","USGS",-82.67565490,27.90752248,"http://waterdata.usgs.gov/nwis/inventory?agency_code=USGS&site_no=02308866"
"02308870","PINEBROOK CN AT BRYAN DAIRY RD AT PINELLAS PARK FL","ST","USGS",-82.73704530,27.87224580,"http://waterdata.usgs.gov/nwis/inventory?agency_code=USGS&site_no=02308870"
"02308889","SEMINOLE LAKE OUTLET NEAR LARGO FL","ST","USGS",-82.78037980,27.83919117,"http://waterdata.usgs.gov/nwis/inventory?agency_code=USGS&site_no=02308889"
"02308935","SAINT JOE CREEK AT PINELLAS PARK FL","ST","USGS",-82.69565540,27.81419235,"http://waterdata.usgs.gov/nwis/inventory?agency_code=USGS&site_no=02308935"
"02309110","MCKAY CREEK NEAR LARGO FL","ST","USGS",-82.81676970,27.90752187,"http://waterdata.usgs.gov/nwis/inventory?agency_code=USGS&site_no=02309110"
"02309415","CURLEW CREEK AT EVANS ROAD NEAR DUNEDIN FL","ST","USGS",-82.74065650,28.02335166,"http://waterdata.usgs.gov/nwis/inventory?agency_code=USGS&site_no=02309415"
"02309421","CURLEW CREEK AT BELCHER ROAD NEAR OZONA FL","ST","USGS",-82.74750000,28.04000000,"http://waterdata.usgs.gov/nwis/inventory?agency_code=USGS&site_no=02309421"
"02309425","CURLEW CREEK AT COUNTY ROAD 1 NEAR OZONA FL","ST","USGS",-82.75871250,28.04696180,"http://waterdata.usgs.gov/nwis/inventory?agency_code=USGS&site_no=02309425"
"02309848","SOUTH BRANCH ANCLOTE RIVER NEAR ODESSA FL","ST","USGS",-82.55336110,28.18544444,"http://waterdata.usgs.gov/nwis/inventory?agency_code=USGS&site_no=02309848"
"02310000","ANCLOTE RIVER NEAR ELFERS FL","ST","USGS",-82.66648820,28.21417784,"http://waterdata.usgs.gov/nwis/inventory?agency_code=USGS&site_no=02310000"
"02310075","ANCLOTE RIVER NEAR HOLIDAY FL","ST","USGS",-82.71930560,28.17447220,"http://waterdata.usgs.gov/nwis/inventory?agency_code=USGS&site_no=02310075"
"02310280","PITHLACHASCOTEE RIVER NEAR FIVAY JUNCTION FL","ST","USGS",-82.53676360,28.32917200,"http://waterdata.usgs.gov/nwis/inventory?agency_code=USGS&site_no=02310280"
"02310286","FIVEMILE CR BL SUNCOAST PKWY NR FIVAY JUNCTION FL","ST","USGS",-82.55372220,28.29413889,"http://waterdata.usgs.gov/nwis/inventory?agency_code=USGS&site_no=02310286"
"02310300","PITHLACHASCOTEE RIVER NEAR NEW PORT RICHEY FL","ST","USGS",-82.66009920,28.25556507,"http://waterdata.usgs.gov/nwis/inventory?agency_code=USGS&site_no=02310300"
"02310308","PITHLACHASCOTEE R AT MAIN ST AT NEW PORT RICHEY FL","ST","USGS",-82.72121180,28.26084270,"http://waterdata.usgs.gov/nwis/inventory?agency_code=USGS&site_no=02310308"
"02310322","LAKE WORRELL OUTFALL NR NEW PORT RICHEY EAST FL","ST","USGS",-82.66777780,28.28055556,"http://waterdata.usgs.gov/nwis/inventory?agency_code=USGS&site_no=02310322"
"02310368","BEAR CREEK NEAR BAYONET POINT FL","ST","USGS",-82.69877780,28.33877778,"http://waterdata.usgs.gov/nwis/inventory?agency_code=USGS&site_no=02310368"
"02310525","WEEKI WACHEE RIVER NEAR BROOKSVILLE FL","ST","USGS",-82.58232150,28.51888454,"http://waterdata.usgs.gov/nwis/inventory?agency_code=USGS&site_no=02310525"
"02310650","CHASSAHOWITZKA RIVER NEAR HOMOSASSA FL","ST","USGS",-82.57676560,28.71526419,"http://waterdata.usgs.gov/nwis/inventory?agency_code=USGS&site_no=02310650"
"02310663","CHASSAHOWITZKA RIVER NEAR CHASSAHOWITZKA FL","ES","USGS",-82.60621070,28.71526404,"http://waterdata.usgs.gov/nwis/inventory?agency_code=USGS&site_no=02310663"
"02310673","CHASSAHOWITZKA R AT DOG ISL NR CHASSAHOWITZKA FL","ST","USGS",-82.62472220,28.70263889,"http://waterdata.usgs.gov/nwis/inventory?agency_code=USGS&site_no=02310673"
"02310674","CHASSAHOWITZKA R AT MOUTH NR CHASSAHOWITZKA FL","ST","USGS",-82.63898910,28.69470935,"http://waterdata.usgs.gov/nwis/inventory?agency_code=USGS&site_no=02310674"
"02310675","HIDDEN RIVER NEAR HOMOSASSA FL","ES","USGS",-82.58871050,28.76665075,"http://waterdata.usgs.gov/nwis/inventory?agency_code=USGS&site_no=02310675"
"02310678","HOMOSASSA SPRINGS AT HOMOSASSA SPRINGS FL","SP","USGS",-82.58871089,28.79970509,"http://waterdata.usgs.gov/nwis/inventory?agency_code=USGS&site_no=02310678"
"02310688","SE FORK HOMOSASSA SPRING AT HOMOSASSA SPRINGS FL","SP","USGS",-82.58982200,28.79748294,"http://waterdata.usgs.gov/nwis/inventory?agency_code=USGS&site_no=02310688"
"02310689","HALLS RIVER AT HOMOSASSA SPRINGS FL","ST-TS","USGS",-82.60563889,28.81311110,"http://waterdata.usgs.gov/nwis/inventory?agency_code=USGS&site_no=02310689"
"02310700","HOMOSASSA R AT HOMOSASSA FL","ST","USGS",-82.61787790,28.78526096,"http://waterdata.usgs.gov/nwis/inventory?agency_code=USGS&site_no=02310700"
"02310742","CRYSTAL RIVER AT MOUTH OF KINGS BAY FL","ST","USGS",-82.60555560,28.89336110,"http://waterdata.usgs.gov/nwis/inventory?agency_code=USGS&site_no=02310742"
"02310747","CRYSTAL RIVER AT BAGLEY COVE NEAR CRYSTAL RIVER FL","ES","USGS",-82.62388889,28.90638889,"http://waterdata.usgs.gov/nwis/inventory?agency_code=USGS&site_no=02310747"
"02310752","SALT RIVER NEAR CRYSTAL RIVER FL","ST","USGS",-82.64580560,28.90155556,"http://waterdata.usgs.gov/nwis/inventory?agency_code=USGS&site_no=02310752"
"02310947","WITHLACOOCHEE RIVER NEAR CUMPRESSCO, FL","ST","USGS",-82.05591468,28.31195156,"http://waterdata.usgs.gov/nwis/inventory?agency_code=USGS&site_no=02310947"
"02311000","WITHLACOOCHEE-HILLSBOROUGH OVFLO NEAR RICHLAND, FL","ST","USGS",-82.09785980,28.27139707,"http://waterdata.usgs.gov/nwis/inventory?agency_code=USGS&site_no=02311000"
"02311500","WITHLACOOCHEE RIVER NEAR DADE CITY, FL","ST","USGS",-82.12591619,28.35250420,"http://waterdata.usgs.gov/nwis/inventory?agency_code=USGS&site_no=02311500"
"02312000","WITHLACOOCHEE RIVER AT TRILBY, FL","ST","USGS",-82.17758499,28.47999810,"http://waterdata.usgs.gov/nwis/inventory?agency_code=USGS&site_no=02312000"
"02312180","LITTLE WITHLACOOCHEE RIVER NEAR TARRYTOWN, FL","ST","USGS",-82.05480370,28.52166470,"http://waterdata.usgs.gov/nwis/inventory?agency_code=USGS&site_no=02312180"
"02312200","LITTLE WITHLACOOCHEE RIVER AT RERDELL, FL","ST","USGS",-82.15536300,28.57277286,"http://waterdata.usgs.gov/nwis/inventory?agency_code=USGS&site_no=02312200"
"02312300","WITHLACOOCHEE RIVER AT RITAL FL","ST","USGS",-82.20925300,28.52110730,"http://waterdata.usgs.gov/nwis/inventory?agency_code=USGS&site_no=02312300"
"02312500","WITHLACOOCHEE RIVER AT CROOM, FL","ST","USGS",-82.22203200,28.59277140,"http://waterdata.usgs.gov/nwis/inventory?agency_code=USGS&site_no=02312500"
"02312558","WITHLACOOCHEE RIVER AT NOBLETON, FL","ST","USGS",-82.25703368,28.64443600,"http://waterdata.usgs.gov/nwis/inventory?agency_code=USGS&site_no=02312558"
"02312598","WITHLACOOCHEE RIVER NR PINEOLA, FL","ST","USGS",-82.24231180,28.72415570,"http://waterdata.usgs.gov/nwis/inventory?agency_code=USGS&site_no=02312598"
"02312600","WITHLACOOCHEE RIVER NEAR FLORAL CITY, FL","ST","USGS",-82.22008920,28.74359973,"http://waterdata.usgs.gov/nwis/inventory?agency_code=USGS&site_no=02312600"
"02312640","JUMPER CREEK CANAL NEAR BUSHNELL, FL","ST","USGS",-82.10397410,28.69721360,"http://waterdata.usgs.gov/nwis/inventory?agency_code=USGS&site_no=02312640"
"02312645","JUMPER CREEK CANAL NEAR WAHOO, FL","ST","USGS",-82.15703130,28.70443503,"http://waterdata.usgs.gov/nwis/inventory?agency_code=USGS&site_no=02312645"
"02312667","SHADY BROOK NEAR SUMTERVILLE, FL","ST","USGS",-82.06369610,28.77026704,"http://waterdata.usgs.gov/nwis/inventory?agency_code=USGS&site_no=02312667"
"02312675","LITTLE JONES CREEK NEAR RUTLAND, FL.","ST","USGS",-82.13027780,28.84250000,"http://waterdata.usgs.gov/nwis/inventory?agency_code=USGS&site_no=02312675"
"02312700","OUTLET RIVER AT PANACOOCHEE RETREATS, FL","ST","USGS",-82.15286580,28.80026510,"http://waterdata.usgs.gov/nwis/inventory?agency_code=USGS&site_no=02312700"
"02312719","WITHLACOOCHEE RI AB WYSONG DAM, AT CARLSON, FLA.","ST","USGS",-82.18258920,28.82304179,"http://waterdata.usgs.gov/nwis/inventory?agency_code=USGS&site_no=02312719"
"02312720","WITHLACOOCHEE RIVER AT WYSONG DAM, AT CARLSON, FL","ST","USGS",-82.18314480,28.82331955,"http://waterdata.usgs.gov/nwis/inventory?agency_code=USGS&site_no=02312720"
"02312722","WITHLACOOCHEE RIVER NR RUTLAND, FL","ST","USGS",-82.22092410,28.85192929,"http://waterdata.usgs.gov/nwis/inventory?agency_code=USGS&site_no=02312722"
"02312762","WITHLACOOCHEE RIVER NEAR INVERNESS, FL","ST","USGS",-82.28009340,28.91220435,"http://waterdata.usgs.gov/nwis/inventory?agency_code=USGS&site_no=02312762"
"02312764","GUM SPRINGS NEAR HOLDER, FL","SP","USGS",-82.25000000,28.95111110,"http://waterdata.usgs.gov/nwis/inventory?agency_code=USGS&site_no=02312764"
"02313000","WITHLACOOCHEE RIVER NEAR HOLDER, FL","ST","USGS",-82.34954060,28.98886759,"http://waterdata.usgs.gov/nwis/inventory?agency_code=USGS&site_no=02313000"
"02313100","RAINBOW RIVER AT DUNNELLON, FL","ST","USGS",-82.44759948,29.04942056,"http://waterdata.usgs.gov/nwis/inventory?agency_code=USGS&site_no=02313100"
"02313200","WITHLACOOCHEE RIVER AT DUNNELLON, FL","ST","USGS",-82.46454430,29.04608710,"http://waterdata.usgs.gov/nwis/inventory?agency_code=USGS&site_no=02313200"
"02313230","WITHLACOOCHEE R AT INGLIS DAM NEAR DUNNELLON, FL","ST","USGS",-82.61676990,29.00997485,"http://waterdata.usgs.gov/nwis/inventory?agency_code=USGS&site_no=02313230"
"02313231","WITHLACOOCHEE R BL INGLIS DAM NR DUNNELLON, FLA.","ST","USGS",-82.61676990,29.00997485,"http://waterdata.usgs.gov/nwis/inventory?agency_code=USGS&site_no=02313231"
"02313250","WITHLACOOCHEE R BYPASS CHANNEL NR INGLIS FLA","ST","USGS",-82.63788180,29.02108538,"http://waterdata.usgs.gov/nwis/inventory?agency_code=USGS&site_no=02313250"
"02313272","WITHLACOOCHEE R AT CHAMBERS IS NEAR YANKEETOWN FL","ST","USGS",-82.76578760,29.00110935,"http://waterdata.usgs.gov/nwis/inventory?agency_code=USGS&site_no=02313272"
"02313700","WACCASASSA RIVER NR GULF HAMMOCK, FLA.","ST","USGS",-82.76900100,29.20413378,"http://waterdata.usgs.gov/nwis/inventory?agency_code=USGS&site_no=02313700"
"02315000","SUWANNEE R NR BENTON FLA","ST","USGS",-82.71624060,30.50744140,"http://waterdata.usgs.gov/nwis/inventory?agency_code=USGS&site_no=02315000"
"02315500","SUWANNEE RIVER AT WHITE SPRINGS, FLA.","ST","USGS",-82.73818260,30.32578120,"http://waterdata.usgs.gov/nwis/inventory?agency_code=USGS&site_no=02315500"
"02315550","SUWANNEE RIVER AT SUWANNEE SPRINGS FLA","ST","USGS",-82.93318750,30.39299880,"http://waterdata.usgs.gov/nwis/inventory?agency_code=USGS&site_no=02315550"
"02315626","ALAPAHA RISE ABOVE SW 68TH DRIVE NEAR JASPER, FL","ST","USGS",-83.08927780,30.43944444,"http://waterdata.usgs.gov/nwis/inventory?agency_code=USGS&site_no=02315626"
"02317620","ALAPAHA RIVER NEAR JENNINGS FLA","ST","USGS",-83.07319500,30.59826888,"http://waterdata.usgs.gov/nwis/inventory?agency_code=USGS&site_no=02317620"
"02319000","WITHLACOOCHEE RIVER NEAR PINETTA, FLA.","ST","USGS",-83.25959060,30.59548716,"http://waterdata.usgs.gov/nwis/inventory?agency_code=USGS&site_no=02319000"
"02319300","WITHLACOOCHEE RIVER NR MADISON FLA","ST","USGS",-83.24292070,30.48243547,"http://waterdata.usgs.gov/nwis/inventory?agency_code=USGS&site_no=02319300"
"02319302","MADISON BLUE SPRING NR BLUE SPRINGS, FL","SP","USGS",-83.24430970,30.48049106,"http://waterdata.usgs.gov/nwis/inventory?agency_code=USGS&site_no=02319302"
"02319394","WITHLACOOCHEE RIVER NR LEE, FLA","ST","USGS",-83.18013979,30.41049435,"http://waterdata.usgs.gov/nwis/inventory?agency_code=USGS&site_no=02319394"
"02319500","SUWANNEE RIVER AT ELLAVILLE, FLA","ST","USGS",-83.17180580,30.38466196,"http://waterdata.usgs.gov/nwis/inventory?agency_code=USGS&site_no=02319500"
"02319800","SUWANNEE RIVER AT DOWLING PARK, FLORIDA","ST","USGS",-83.24958439,30.24494250,"http://waterdata.usgs.gov/nwis/inventory?agency_code=USGS&site_no=02319800"
"02320000","SUWANNEE RIVER AT LURAVILLE, FLA.","ST","USGS",-83.17152470,30.09994513,"http://waterdata.usgs.gov/nwis/inventory?agency_code=USGS&site_no=02320000"
"02320500","SUWANNEE RIVER AT BRANFORD, FLA.","ST","USGS",-82.92762780,29.95578500,"http://waterdata.usgs.gov/nwis/inventory?agency_code=USGS&site_no=02320500"
"02320700","SANTA FE RIVER NEAR GRAHAM, FLA.","ST","USGS",-82.21954930,29.84635394,"http://waterdata.usgs.gov/nwis/inventory?agency_code=USGS&site_no=02320700"
"02321000","NEW RIVER NR LAKE BUTLER FLA","ST","USGS",-82.27399920,29.99829540,"http://waterdata.usgs.gov/nwis/inventory?agency_code=USGS&site_no=02321000"
"02321500","SANTA FE RIVER AT WORTHINGTON SPRINGS, FLA.","ST","USGS",-82.42622460,29.92190730,"http://waterdata.usgs.gov/nwis/inventory?agency_code=USGS&site_no=02321500"
"02321898","SANTA FE RIVER AT O'LENO STATE PARK FLA","ST","USGS",-82.57984020,29.91440520,"http://waterdata.usgs.gov/nwis/inventory?agency_code=USGS&site_no=02321898"
"02322500","SANTA FE RIVER NEAR FORT WHITE, FLA.","ST","USGS",-82.71512040,29.84884769,"http://waterdata.usgs.gov/nwis/inventory?agency_code=USGS&site_no=02322500"
"02322688","BLUE HOLE SPRING NR HILDRETH, FL","SP","USGS",-82.75845700,29.97995520,"http://waterdata.usgs.gov/nwis/inventory?agency_code=USGS&site_no=02322688"
"02322700","ICHETUCKNEE R @ HWY27 NR HILDRETH, FL","ST","USGS",-82.78595730,29.95273288,"http://waterdata.usgs.gov/nwis/inventory?agency_code=USGS&site_no=02322700"
"02322703","SANTA FE RIVER AB ICHETUCKNEE RIVER NR HILDRETH,FL","ST","USGS",-82.79916670,29.93250000,"http://waterdata.usgs.gov/nwis/inventory?agency_code=USGS&site_no=02322703"
"02322800","SANTA FE RIVER NR HILDRETH FLA","ST","USGS",-82.86040330,29.91162076,"http://waterdata.usgs.gov/nwis/inventory?agency_code=USGS&site_no=02322800"
"02323000","SUWANNEE RIVER NEAR BELL, FLORIDA","ST","USGS",-82.92429300,29.79134359,"http://waterdata.usgs.gov/nwis/inventory?agency_code=USGS&site_no=02323000"
"02323500","SUWANNEE RIVER NEAR WILCOX, FLA.","ST","USGS",-82.93651310,29.58968017,"http://waterdata.usgs.gov/nwis/inventory?agency_code=USGS&site_no=02323500"
"02323502","FANNING SPRINGS NR WILCOX FLA","SP","USGS",-82.93317970,29.58912470,"http://waterdata.usgs.gov/nwis/inventory?agency_code=USGS&site_no=02323502"
"02323566","MANATEE SPRING NR CHIEFLAND FLA","SP","USGS",-82.97679100,29.48968080,"http://waterdata.usgs.gov/nwis/inventory?agency_code=USGS&site_no=02323566"
"02323567","SUWANNEE RIVER AT MANATEE SPRINGS NR OLD TOWN, FL","ST","USGS",-82.98055560,29.48861110,"http://waterdata.usgs.gov/nwis/inventory?agency_code=USGS&site_no=02323567"
"02323590","SUWANNEE RIVER AT FOWLERS BLUFF","ST","USGS",-83.02762500,29.39662667,"http://waterdata.usgs.gov/nwis/inventory?agency_code=USGS&site_no=02323590"
"02323592","SUWANNEE RIVER AB GOPHER RIVER NR SUWANNEE FL","ST","USGS",-83.08651500,29.33940554,"http://waterdata.usgs.gov/nwis/inventory?agency_code=USGS&site_no=02323592"
"02324000","STEINHATCHEE RIVER NEAR CROSS CITY, FLA.","ST","USGS",-83.32152620,29.78661294,"http://waterdata.usgs.gov/nwis/inventory?agency_code=USGS&site_no=02324000"
"02324400","FENHOLLOWAY RIVER NEAR FOLEY, FLA.","ST","USGS",-83.47181120,30.09827057,"http://waterdata.usgs.gov/nwis/inventory?agency_code=USGS&site_no=02324400"
"02324500","FENHOLLOWAY RIVER AT FOLEY, FLA.","ST","USGS",-83.55792460,30.06549165,"http://waterdata.usgs.gov/nwis/inventory?agency_code=USGS&site_no=02324500"
"02325000","FENHOLLOWAY RIVER NEAR PERRY, FLA","ST","USGS",-83.66237250,30.07132360,"http://waterdata.usgs.gov/nwis/inventory?agency_code=USGS&site_no=02325000"
"02326000","ECONFINA RIVER NEAR PERRY, FLA.","ST","USGS",-83.82376790,30.17076448,"http://waterdata.usgs.gov/nwis/inventory?agency_code=USGS&site_no=02326000"
"02326500","AUCILLA RIVER AT LAMONT, FLA.","ST","USGS",-83.80682559,30.36992847,"http://waterdata.usgs.gov/nwis/inventory?agency_code=USGS&site_no=02326500"
"02326526","WACISSA RIVER NR WACISSA FLA","ST","USGS",-83.97960850,30.30131590,"http://waterdata.usgs.gov/nwis/inventory?agency_code=USGS&site_no=02326526"
"02326550","AUCILLA RIVER NR MOUTH NEAR NUTALL RISE, FL","ES","USGS",-83.97977280,30.11234694,"http://waterdata.usgs.gov/nwis/inventory?agency_code=USGS&site_no=02326550"
"02326900","ST. MARKS RIVER NEAR NEWPORT, FLA.","ST","USGS",-84.14825080,30.27143110,"http://waterdata.usgs.gov/nwis/inventory?agency_code=USGS&site_no=02326900"
"02327022","WAKULLA RIVER NEAR CRAWFORDVILLE, FL","ST","USGS",-84.26156300,30.21381410,"http://waterdata.usgs.gov/nwis/inventory?agency_code=USGS&site_no=02327022"
"02327100","SOPCHOPPY RIVER NR SOPCHOPPY, FLA.","ST","USGS",-84.49434820,30.12936856,"http://waterdata.usgs.gov/nwis/inventory?agency_code=USGS&site_no=02327100"
"02328522","OCHLOCKONEE RIVER NR CONCORD, FLA.","ST","USGS",-84.30518070,30.66908460,"http://waterdata.usgs.gov/nwis/inventory?agency_code=USGS&site_no=02328522"
"02329000","OCHLOCKONEE RIVER NR HAVANA, FLA.","ST","USGS",-84.38407150,30.55408644,"http://waterdata.usgs.gov/nwis/inventory?agency_code=USGS&site_no=02329000"
"02329500","LITTLE RIVER NR QUINCY, FLA.","ST","USGS",-84.49657630,30.58741806,"http://waterdata.usgs.gov/nwis/inventory?agency_code=USGS&site_no=02329500"
"02329600","LITTLE RIVER NR MIDWAY, FLA.","ST","USGS",-84.52352060,30.51241920,"http://waterdata.usgs.gov/nwis/inventory?agency_code=USGS&site_no=02329600"
"02330000","OCHLOCKONEE RIVER NR BLOXHAM, FLA.","ST","USGS",-84.65491090,30.38325266,"http://waterdata.usgs.gov/nwis/inventory?agency_code=USGS&site_no=02330000"
"02330100","TELOGIA CREEK NR BRISTOL, FLA.","ST","USGS",-84.92769349,30.42658500,"http://waterdata.usgs.gov/nwis/inventory?agency_code=USGS&site_no=02330100"
"02330150","OCHLOCKONEE RIVER NR SMITH CREEK, FLA.","ST","USGS",-84.66796370,30.17658934,"http://waterdata.usgs.gov/nwis/inventory?agency_code=USGS&site_no=02330150"
"02330400","NEW RIVER NEAR SUMATRA, FLA","ST","USGS",-84.84379900,30.03881356,"http://waterdata.usgs.gov/nwis/inventory?agency_code=USGS&site_no=02330400"
"02357700","APALACHICOLA RIVER BL WOODRUFF DAM, NR SNEADS, FL","ST","USGS",-84.86325560,30.70405000,"http://waterdata.usgs.gov/nwis/inventory?agency_code=USGS&site_no=02357700"
"02358000","APALACHICOLA RIVER AT CHATTAHOOCHEE FLA","ST","USGS",-84.85908710,30.70102510,"http://waterdata.usgs.gov/nwis/inventory?agency_code=USGS&site_no=02358000"
"02358001","APALACHICOLA RIVER AT CHATTAHOOCHEE AUXILIARY","ST","USGS",-84.85908710,30.70102510,"http://waterdata.usgs.gov/nwis/inventory?agency_code=USGS&site_no=02358001"
"02358789","CHIPOLA RIVER AT MARIANNA FL","ST","USGS",-85.21631780,30.77297064,"http://waterdata.usgs.gov/nwis/inventory?agency_code=USGS&site_no=02358789"
"02359000","CHIPOLA RIVER NR ALTHA, FLA.","ST","USGS",-85.16519960,30.53408319,"http://waterdata.usgs.gov/nwis/inventory?agency_code=USGS&site_no=02359000"
"02359170","APALACHICOLA RIVER NR SUMATRA,FLA.","ST","USGS",-85.01546860,29.94937094,"http://waterdata.usgs.gov/nwis/inventory?agency_code=USGS&site_no=02359170"
"02359315","MARTIN BAYOU AT US 98 AT SPRINGFIELD, FL","ST","USGS",-85.61548210,30.13520204,"http://waterdata.usgs.gov/nwis/inventory?agency_code=USGS&site_no=02359315"
"02359500","ECONFINA CREEK NEAR BENNETT, FLA.","ST","USGS",-85.55659320,30.38464060,"http://waterdata.usgs.gov/nwis/inventory?agency_code=USGS&site_no=02359500"
"02365200","CHOCTAWHATCHEE RIVER NR PITTMAN, FLA.","ST","USGS",-85.84299000,30.94990438,"http://waterdata.usgs.gov/nwis/inventory?agency_code=USGS&site_no=02365200"
"02365470","WRIGHTS CREEK AT SH 177-A NR BONIFAY,FL","ST","USGS",-85.76215450,30.85713010,"http://waterdata.usgs.gov/nwis/inventory?agency_code=USGS&site_no=02365470"
"02365500","CHOCTAWHATCHEE RIVER AT CARYVILLE, FLA.","ST","USGS",-85.82771100,30.77574389,"http://waterdata.usgs.gov/nwis/inventory?agency_code=USGS&site_no=02365500"
"02365769","BRUCE CREEK AT SH 81 NR REDBAY, FL","ST","USGS",-85.94243580,30.62463630,"http://waterdata.usgs.gov/nwis/inventory?agency_code=USGS&site_no=02365769"
"02366000","HOLMES CREEK AT VERNON, FLA.","ST","USGS",-85.71215310,30.62685899,"http://waterdata.usgs.gov/nwis/inventory?agency_code=USGS&site_no=02366000"
"02366500","CHOCTAWHATCHEE RIVER NR BRUCE, FLA.","ST","USGS",-85.89826819,30.45102960,"http://waterdata.usgs.gov/nwis/inventory?agency_code=USGS&site_no=02366500"
"02366996","ALAQUA CREEK NEAR PLEASANT RIDGE, FL","ST","USGS",-86.18660920,30.66908000,"http://waterdata.usgs.gov/nwis/inventory?agency_code=USGS&site_no=02366996"
"02367310","JUNIPER CREEK AT STATE HWY 85 NR NICEVILLE, FLA.","ST","USGS",-86.51939540,30.55741790,"http://waterdata.usgs.gov/nwis/inventory?agency_code=USGS&site_no=02367310"
"02367900","YELLOW RIVER NR OAK GROVE, FLA.","ST","USGS",-86.55939670,30.92518288,"http://waterdata.usgs.gov/nwis/inventory?agency_code=USGS&site_no=02367900"
"02368000","YELLOW RIVER AT MILLIGAN, FLA.","ST","USGS",-86.62912070,30.75296640,"http://waterdata.usgs.gov/nwis/inventory?agency_code=USGS&site_no=02368000"
"02368500","SHOAL RIVER NR MOSSY HEAD, FLA.","ST","USGS",-86.30689060,30.79602050,"http://waterdata.usgs.gov/nwis/inventory?agency_code=USGS&site_no=02368500"
"02369000","SHOAL RIVER NR CRESTVIEW, FLA.","ST","USGS",-86.57078600,30.69741268,"http://waterdata.usgs.gov/nwis/inventory?agency_code=USGS&site_no=02369000"
"02369600","YELLOW RIVER NR MILTON, FLA.","ST","USGS",-86.92357320,30.56963900,"http://waterdata.usgs.gov/nwis/inventory?agency_code=USGS&site_no=02369600"
"02370000","BLACKWATER RIVER NR BAKER, FLA.","ST","USGS",-86.73467860,30.83351970,"http://waterdata.usgs.gov/nwis/inventory?agency_code=USGS&site_no=02370000"
"02370500","BIG COLDWATER CREEK NR MILTON, FLA.","ST","USGS",-86.97218600,30.70852375,"http://waterdata.usgs.gov/nwis/inventory?agency_code=USGS&site_no=02370500"
"02375500","ESCAMBIA RIVER NEAR CENTURY, FL","ST","USGS",-87.23413950,30.96518304,"http://waterdata.usgs.gov/nwis/inventory?agency_code=USGS&site_no=02375500"
"02376033","ESCAMBIA RIVER NR MOLINO, FLA.","ST","USGS",-87.26691790,30.67019170,"http://waterdata.usgs.gov/nwis/inventory?agency_code=USGS&site_no=02376033"
"02376100","BAYOU MARCUS CREEK NR PENSACOLA,FLA","ST","USGS",-87.29052880,30.44825279,"http://waterdata.usgs.gov/nwis/inventory?agency_code=USGS&site_no=02376100"
"02376115","ELEVENMILE CREEK NEAR PENSACOLA, FL.","ST","USGS",-87.33580860,30.49825159,"http://waterdata.usgs.gov/nwis/inventory?agency_code=USGS&site_no=02376115"
"02376293","BRUSHY CREEK NEAR BRATT, FL","ST","USGS",-87.52803840,30.97851588,"http://waterdata.usgs.gov/nwis/inventory?agency_code=USGS&site_no=02376293"
"02376500","PERDIDO RIVER AT BARRINEAU PARK, FL","ST","USGS",-87.44025800,30.69046866,"http://waterdata.usgs.gov/nwis/inventory?agency_code=USGS&site_no=02376500"
"250802081035500","EAST SIDE CREEK NEAR LAKE INGRAHAM, FL","ST","USGS",-81.06438060,25.13696944,"http://waterdata.usgs.gov/nwis/inventory?agency_code=USGS&site_no=250802081035500"
"251003080435500","MCCORMICK CREEK AT MOUTH NEAR KEY LARGO, FL","ST","USGS",-80.73337640,25.16859547,"http://waterdata.usgs.gov/nwis/inventory?agency_code=USGS&site_no=251003080435500"
"251032080473400","ALLIGATOR CREEK NEAR GARFIELD BIGHT, FL","ST","USGS",-80.79277780,25.17555556,"http://waterdata.usgs.gov/nwis/inventory?agency_code=USGS&site_no=251032080473400"
"251115081075800","RAULERSON BROTHERS CANAL AT CAPE SABLE, FL","ST","USGS",-81.13277780,25.18765278,"http://waterdata.usgs.gov/nwis/inventory?agency_code=USGS&site_no=251115081075800"
"251127080382100","TAYLOR RIVER AT MOUTH NEAR HOMESTEAD, FL","ST","USGS",-80.63883780,25.19099440,"http://waterdata.usgs.gov/nwis/inventory?agency_code=USGS&site_no=251127080382100"
"251209080350100","MUD CREEK AT MOUTH NR HOMESTEAD, FL","ST","USGS",-80.58389460,25.20370210,"http://waterdata.usgs.gov/nwis/inventory?agency_code=USGS&site_no=251209080350100"
"251241080385300","UPSTREAM TAYLOR RIVER NEAR HOMESTEAD, FL","ST","USGS",-80.64766670,25.21029720,"http://waterdata.usgs.gov/nwis/inventory?agency_code=USGS&site_no=251241080385300"
"251253080320100","TROUT CREEK AT MOUTH NEAR KEY LARGO, FL","ST","USGS",-80.53328490,25.21530426,"http://waterdata.usgs.gov/nwis/inventory?agency_code=USGS&site_no=251253080320100"
"251341080291200","STILLWATER CREEK NEAR HOMESTEAD, FL","ST","USGS",-80.48572800,25.22869797,"http://waterdata.usgs.gov/nwis/inventory?agency_code=USGS&site_no=251341080291200"
"251355080312800","JOE BAY 2E, NEAR KEY LARGO, FL","ST","USGS",-80.52486670,25.23262500,"http://waterdata.usgs.gov/nwis/inventory?agency_code=USGS&site_no=251355080312800"
"251433080265000","WEST HIGHWAY CREEK NEAR HOMESTEAD, FL","ST","USGS",-80.44757220,25.24210833,"http://waterdata.usgs.gov/nwis/inventory?agency_code=USGS&site_no=251433080265000"
"251549080251200","MANATEE BAY CREEK NEAR HOMESTEAD, FL","ST","USGS",-80.42018330,25.26421110,"http://waterdata.usgs.gov/nwis/inventory?agency_code=USGS&site_no=251549080251200"
"251716080342100","EVERGLADES 5A IN C-111 BASIN NR HOMESTEAD, FL","ST","USGS",-80.57255280,25.28610833,"http://waterdata.usgs.gov/nwis/inventory?agency_code=USGS&site_no=251716080342100"
"251946080254800","EVERGLADES 1 IN C-111 BASIN NR HOMESTEAD, FL","ST","USGS",-80.43516670,25.33033333,"http://waterdata.usgs.gov/nwis/inventory?agency_code=USGS&site_no=251946080254800"
"252036080324300","EVERGLADES 4 IN C-111 BASIN NR HOMESTEAD, FL","ST","USGS",-80.54666389,25.33876944,"http://waterdata.usgs.gov/nwis/inventory?agency_code=USGS&site_no=252036080324300"
"252230081021300","SHARK RIVER BELOW GUNBOAT ISLAND NR FLAMINGO, FL","ST-TS","USGS",-81.03649300,25.37532550,"http://waterdata.usgs.gov/nwis/inventory?agency_code=USGS&site_no=252230081021300"
"252551081050900","HARNEY RIVER NEAR FLAMINGO FL","ST","USGS",-81.08595830,25.43055556,"http://waterdata.usgs.gov/nwis/inventory?agency_code=USGS&site_no=252551081050900"
"253044080555900","EDEN 3 IN EVERGLADES NATIONAL PARK","ST","USGS",-80.93315280,25.51212500,"http://waterdata.usgs.gov/nwis/inventory?agency_code=USGS&site_no=253044080555900"
"253047080555600","UPSTREAM BROAD RIVER NEAR EVERGLADES CITY FL","ST","USGS",-80.93222220,25.50129167,"http://waterdata.usgs.gov/nwis/inventory?agency_code=USGS&site_no=253047080555600"
"253828080391100","N.E. SHARK RIVER SLOUGH NO. 4 NORTH OF GROSSMAN","ST","USGS",-80.65276670,25.64016110,"http://waterdata.usgs.gov/nwis/inventory?agency_code=USGS&site_no=253828080391100"
"254130080380500","NORTHEAST SHARK RVR SLOUGH NO1 NR COOPERTOWN, FL","ST","USGS",-80.63491670,25.69165000,"http://waterdata.usgs.gov/nwis/inventory?agency_code=USGS&site_no=254130080380500"
"254150080212500","SNAPPER CREEK NO.1 ABV CANAL MOUTH NR S. MIAMI, FL","ST-CA","USGS",-80.35683330,25.69713889,"http://waterdata.usgs.gov/nwis/inventory?agency_code=USGS&site_no=254150080212500"
"254157080213800","SNAPPER CREEK NO.5 ABV WATER PIPE NR S. MIAMI, FL","ST-CA","USGS",-80.36061110,25.69905556,"http://waterdata.usgs.gov/nwis/inventory?agency_code=USGS&site_no=254157080213800"
"254204080215600","SNAPPER CREEK AT SW 72 ST NEAR SOUTH MIAMI, FL","ST-CA","USGS",-80.36536670,25.70144444,"http://waterdata.usgs.gov/nwis/inventory?agency_code=USGS&site_no=254204080215600"
"254315080331500","NORTHEAST SHARK RVR SLOUGH NO2 NR COOPERTOWN, FL","ST","USGS",-80.55735830,25.71970278,"http://waterdata.usgs.gov/nwis/inventory?agency_code=USGS&site_no=254315080331500"
"254543080405401","TAMIAMI CANAL AT S-12-D NEAR MIAMI, FL","ST-CA","USGS",-80.68145010,25.76232317,"http://waterdata.usgs.gov/nwis/inventory?agency_code=USGS&site_no=254543080405401"
"254543080491101","TAMIAMI CANAL AT S-12-A, NR MIAMI, FL","ST-CA","USGS",-80.81950950,25.76232360,"http://waterdata.usgs.gov/nwis/inventory?agency_code=USGS&site_no=254543080491101"
"254707080370201","EDEN 10 IN WATER CONSERVATION AREA 3-B","ST","USGS",-80.61722220,25.78527778,"http://waterdata.usgs.gov/nwis/inventory?agency_code=USGS&site_no=254707080370201"
"254754080344300","SHARK RIVER SLOUGH NO.1 IN CONS.3B NR COOPERTOWN","ST","USGS",-80.57839169,25.79871044,"http://waterdata.usgs.gov/nwis/inventory?agency_code=USGS&site_no=254754080344300"
"254759080483201","W-2 IN WATER CONSERVATION AREA 3-A","ST","USGS",-80.80888889,25.79972220,"http://waterdata.usgs.gov/nwis/inventory?agency_code=USGS&site_no=254759080483201"
"254848080432001","SITE 65 IN CONSERVATION AREA 3A NR COOPERTOWN, FL","ST","USGS",-80.71983330,25.81388889,"http://waterdata.usgs.gov/nwis/inventory?agency_code=USGS&site_no=254848080432001"
"255014080355801","TI-9 IN WATER CONSERVATION AREA 3-B","ST","USGS",-80.59933330,25.83769444,"http://waterdata.usgs.gov/nwis/inventory?agency_code=USGS&site_no=255014080355801"
"255026080231300","SNAPPER CREEK CNL EXT AT NW74 ST NR HIALEAH, FL","ST","USGS",-80.38671980,25.84093055,"http://waterdata.usgs.gov/nwis/inventory?agency_code=USGS&site_no=255026080231300"
"255200080405001","EDEN 8 IN WATER CONSERVATION AREA 3-A","ST","USGS",-80.68055560,25.86666667,"http://waterdata.usgs.gov/nwis/inventory?agency_code=USGS&site_no=255200080405001"
"255250080335001","SITE 71 IN CONSERVATION AREA 3B NR COOPERTOWN, FL.","ST","USGS",-80.55672409,25.88481823,"http://waterdata.usgs.gov/nwis/inventory?agency_code=USGS&site_no=255250080335001"
"255300080370001","SITE 69 IN CONSERVATION AREA 3BNR COOPERTOWN, FL","ST","USGS",-80.58876389,25.90660833,"http://waterdata.usgs.gov/nwis/inventory?agency_code=USGS&site_no=255300080370001"
"255327081275900","EAST RIVER NEAR EVERGLADES CITY, FL","ST","USGS",-81.46627780,25.89055556,"http://waterdata.usgs.gov/nwis/inventory?agency_code=USGS&site_no=255327081275900"
"255432081303900","FAKA-UNION RIVER NEAR THE MOUTH","ST","USGS",-81.51091670,25.90880556,"http://waterdata.usgs.gov/nwis/inventory?agency_code=USGS&site_no=255432081303900"
"255534081324000","PUMPKIN RIVER NEAR GOODLAND, FL","ST","USGS",-81.54430560,25.92600000,"http://waterdata.usgs.gov/nwis/inventory?agency_code=USGS&site_no=255534081324000"
"255634080450001","W-11 IN WATER CONSERVATION AREA 3-A","ST","USGS",-80.75000000,25.94277778,"http://waterdata.usgs.gov/nwis/inventory?agency_code=USGS&site_no=255634080450001"
"255654081350200","BLACKWATER RIVER NEAR GOODLAND, FL","ST","USGS",-81.58388889,25.94819444,"http://waterdata.usgs.gov/nwis/inventory?agency_code=USGS&site_no=255654081350200"
"255708080295501","EDEN 7 IN WATER CONSERVATION AREA 3-B","ST","USGS",-80.49861110,25.95222220,"http://waterdata.usgs.gov/nwis/inventory?agency_code=USGS&site_no=255708080295501"
"255732081363700","PALM RIVER NEAR GOOODLAND, FL","ST","USGS",-81.61030560,25.95877778,"http://waterdata.usgs.gov/nwis/inventory?agency_code=USGS&site_no=255732081363700"
"255828080401301","SITE 64 IN CONSERVATION AREA 3A NR COOPERTOWN FL.","ST","USGS",-80.66922660,25.97564836,"http://waterdata.usgs.gov/nwis/inventory?agency_code=USGS&site_no=255828080401301"
"260007080464401","W-18 IN WATER CONSERVATION AREA 3-A","ST","USGS",-80.77888889,26.00194444,"http://waterdata.usgs.gov/nwis/inventory?agency_code=USGS&site_no=260007080464401"
"260037080303401","SITE 76 IN CONSERVATION AREA 3B NR ANDYTOWN, FL","ST","USGS",-80.48271940,26.00780833,"http://waterdata.usgs.gov/nwis/inventory?agency_code=USGS&site_no=260037080303401"
"260042080351701","EDEN 12 IN WATER CONSERVATION AREA 3-A","ST","USGS",-80.58805560,26.01166667,"http://waterdata.usgs.gov/nwis/inventory?agency_code=USGS&site_no=260042080351701"
"260355080541401","EDEN 6 IN BIG CYPRESS NATIONAL PRESERVE","ST","USGS",-80.90388889,26.06527778,"http://waterdata.usgs.gov/nwis/inventory?agency_code=USGS&site_no=260355080541401"
"260410080452701","EDEN 14 IN WATER CONSERVATION AREA 3-A","ST","USGS",-80.75750000,26.06944444,"http://waterdata.usgs.gov/nwis/inventory?agency_code=USGS&site_no=260410080452701"
"260536080302501","EDEN 4 IN WATER CONSERVATION AREA 3-A","ST","USGS",-80.50694440,26.09333333,"http://waterdata.usgs.gov/nwis/inventory?agency_code=USGS&site_no=260536080302501"
"260725080451001","EDEN 5 IN WATER CONSERVATION AREA 3-A","ST","USGS",-80.75277780,26.12361110,"http://waterdata.usgs.gov/nwis/inventory?agency_code=USGS&site_no=260725080451001"
"260810080222001","SITE 99 NR L-35A IN CONS AREA 2B NR SUNRISE, FL","ST","USGS",-80.36708330,26.13644444,"http://waterdata.usgs.gov/nwis/inventory?agency_code=USGS&site_no=260810080222001"
"261023080443001","SITE 62 IN CONSERVATION AREA 3A NR ANDYTOWN, FL","ST","USGS",-80.75163889,26.17427778,"http://waterdata.usgs.gov/nwis/inventory?agency_code=USGS&site_no=261023080443001"
"261035080221701","EDEN 13 IN WATER CONSERVATION AREA 2-B","ST","USGS",-80.37138889,26.17638889,"http://waterdata.usgs.gov/nwis/inventory?agency_code=USGS&site_no=261035080221701"
"261117080315201","SITE 63 IN CONSERVATION AREA NO. 3A NR ANDYTOWN FL","ST","USGS",-80.53108330,26.18836110,"http://waterdata.usgs.gov/nwis/inventory?agency_code=USGS&site_no=261117080315201"
"261150080270001","N. NEW RIVER CANAL AT S-11-A NR ANDYTOWN, FL","ST-CA","USGS",-80.44783128,26.17814028,"http://waterdata.usgs.gov/nwis/inventory?agency_code=USGS&site_no=261150080270001"
"261200080275001","N. NEW RIVER CANAL AT S-11-B NR ANDYTOWN, FL","ST-CA","USGS",-80.45338689,26.20258380,"http://waterdata.usgs.gov/nwis/inventory?agency_code=USGS&site_no=261200080275001"
"261300080280001","N. NEW RIVER CANAL AT S-11-C NR ANDYTOWN, FL","ST-CA","USGS",-80.46005360,26.22897170,"http://waterdata.usgs.gov/nwis/inventory?agency_code=USGS&site_no=261300080280001"
"261319080353201","EDEN 9 IN WATER CONSERVATION AREA 3-A","ST","USGS",-80.59222220,26.22194444,"http://waterdata.usgs.gov/nwis/inventory?agency_code=USGS&site_no=261319080353201"
"261533080571600","L-28 INTERCEPTOR CANAL BELOW S-190 NEAR CLEWISTON,","ST-CA","USGS",-80.95423300,26.25952746,"http://waterdata.usgs.gov/nwis/inventory?agency_code=USGS&site_no=261533080571600"
"261543080495000","L-28 CANAL ABOVE S-140 NEAR CLEWISTON, FL","ST-CA","USGS",-80.83034079,26.26230464,"http://waterdata.usgs.gov/nwis/inventory?agency_code=USGS&site_no=261543080495000"
"261710080190001","SITE 19 IN CONSERVATION AREA 2A NR CORAL SPRINGS","ST","USGS",-80.30663889,26.28147220,"http://waterdata.usgs.gov/nwis/inventory?agency_code=USGS&site_no=261710080190001"
"261808081042800","WEST FEEDER CANAL ABV WEST WEIR NR  CLEWISTON FL","ST-CA","USGS",-81.07444440,26.30233333,"http://waterdata.usgs.gov/nwis/inventory?agency_code=USGS&site_no=261808081042800"
"262038080584600","NORTH FEEDER CANAL BLW PC17A NR CLEWISTON, FL","ST","USGS",-80.97933330,26.34375000,"http://waterdata.usgs.gov/nwis/inventory?agency_code=USGS&site_no=262038080584600"
"262100080190001","HILLSBORO CA AT S-10-A NR DEERFIELD BCH., FL","ST","USGS",-80.31250000,26.36000000,"http://waterdata.usgs.gov/nwis/inventory?agency_code=USGS&site_no=262100080190001"
"262200080210001","HILLSBORO CA AT S-10-C NR DEERFIELD BCH., FL","ST","USGS",-80.35091670,26.37125000,"http://waterdata.usgs.gov/nwis/inventory?agency_code=USGS&site_no=262200080210001"
"262240080258001","SITE 17 NR L-38, CONS AREA 2A NR CORAL SPRINGS, FL","ST","USGS",-80.41088550,26.28674729,"http://waterdata.usgs.gov/nwis/inventory?agency_code=USGS&site_no=262240080258001"
"262258080273501","EDEN 11 IN WATER CONSERVATION AREA 2-A","ST","USGS",-80.45527780,26.37638889,"http://waterdata.usgs.gov/nwis/inventory?agency_code=USGS&site_no=262258080273501"
"262300080220001","HILLSBORO CANAL AT S-10-D NR DEERFIELD BCH., FL","ST-CA","USGS",-80.38032880,26.38757690,"http://waterdata.usgs.gov/nwis/inventory?agency_code=USGS&site_no=262300080220001"
"262528080202700","SOUTH LOXAHATCHEE CONSERVATION AREA NO. 1","ST","USGS",-80.33786110,26.42138889,"http://waterdata.usgs.gov/nwis/inventory?agency_code=USGS&site_no=262528080202700"
"262750080175001","SITE 9 IN CONSERVATION AREA NO.1 IN BOYNTON BCH FL","ST","USGS",-80.29052780,26.45980556,"http://waterdata.usgs.gov/nwis/inventory?agency_code=USGS&site_no=262750080175001"
"263000080120001","SITE 8C NR L-40 IN CONS AREA NO.1 NR BOYNTON BCH.","ST","USGS",-80.22211110,26.49927778,"http://waterdata.usgs.gov/nwis/inventory?agency_code=USGS&site_no=263000080120001"
"263050080145001","SITE 8T IN CONS AREA NO.1 NR BOYNTON BCH, FL","ST","USGS",-80.23469440,26.49958333,"http://waterdata.usgs.gov/nwis/inventory?agency_code=USGS&site_no=263050080145001"
"263180080205001","SITE 7 IN CONS AREA NO. 1 NR SHAWANO, FL","ST","USGS",-80.33648889,26.52265556,"http://waterdata.usgs.gov/nwis/inventory?agency_code=USGS&site_no=263180080205001"
"263537080211400","NORTH LOXAHATCHEE CONSERVATION AREA NO. 1","ST","USGS",-80.35386110,26.59377778,"http://waterdata.usgs.gov/nwis/inventory?agency_code=USGS&site_no=263537080211400"
"264514080550700","INDUSTRIAL CANAL AT CLEWISTON","ST-CA","USGS",-80.91839710,26.75423116,"http://waterdata.usgs.gov/nwis/inventory?agency_code=USGS&site_no=264514080550700"
"265501080364900","LEVEE 8 CANAL NEAR CANAL POINT, FL","ST-CA","USGS",-80.61338920,26.91727930,"http://waterdata.usgs.gov/nwis/inventory?agency_code=USGS&site_no=265501080364900"
"265906080093500","LOXAHATCHEE RIVER AT MILE 9.1 NEAR JUPITER, FL","ST","USGS",-80.16004390,26.98533377,"http://waterdata.usgs.gov/nwis/inventory?agency_code=USGS&site_no=265906080093500"
"272524080221800","FIVE MILE CANAL ABOVE S-29-1-4 NR FT. PIERCE, FL","ST-CA","USGS",-80.37144000,27.42365086,"http://waterdata.usgs.gov/nwis/inventory?agency_code=USGS&site_no=272524080221800"
"273126082384700","MANATEE RIVER NEAR MOUTH AT PALMA SOLA FL","ST","USGS",-82.64638889,27.52388889,"http://waterdata.usgs.gov/nwis/inventory?agency_code=USGS&site_no=273126082384700"
"285531082412600","CRYSTAL RV AT MOUTH NR SHELL ISL NR CRYSTAL RV FL","ST","USGS",-82.69063889,28.92527778,"http://waterdata.usgs.gov/nwis/inventory?agency_code=USGS&site_no=285531082412600"
