SiteNumber, SiteName, SiteCategory, SiteAgency, SiteLongitude, SiteLatitude, SiteNWISURL
"02231254","ST MARY'S RIVER AT I-95, NEAR KINGSLAND, GA","ST-TS","USGS",-81.65426830,30.74412400,"http://waterdata.usgs.gov/nwis/inventory?agency_code=USGS&site_no=02231254"
"02232400","ST. JOHNS RIVER NEAR COCOA, FL","ST","USGS",-80.87255780,28.36972837,"http://waterdata.usgs.gov/nwis/inventory?agency_code=USGS&site_no=02232400"
"02234000","ST. JOHNS RIVER ABOVE LAKE HARNEY NEAR GENEVA, FL","ST","USGS",-81.03533740,28.71416110,"http://waterdata.usgs.gov/nwis/inventory?agency_code=USGS&site_no=02234000"
"02234500","ST. JOHNS RIVER NEAR SANFORD, FL","ST","USGS",-81.32423230,28.83804694,"http://waterdata.usgs.gov/nwis/inventory?agency_code=USGS&site_no=02234500"
"02235500","BLUE SPRINGS NEAR ORANGE CITY, FL","SP","USGS",-81.33978660,28.94415400,"http://waterdata.usgs.gov/nwis/inventory?agency_code=USGS&site_no=02235500"
"02236000","ST. JOHNS RIVER NEAR DE LAND, FL","ST","USGS",-81.38256510,29.00831827,"http://waterdata.usgs.gov/nwis/inventory?agency_code=USGS&site_no=02236000"
"02236125","ST. JOHNS RIVER AT ASTOR, FL","ST","USGS",-81.52201570,29.16692445,"http://waterdata.usgs.gov/nwis/inventory?agency_code=USGS&site_no=02236125"
"02244040","ST. JOHNS R AT BUFFALO BLUFF NEAR SATSUMA, FL","ST","USGS",-81.68313800,29.59635820,"http://waterdata.usgs.gov/nwis/inventory?agency_code=USGS&site_no=02244040"
"02245260","DEEP CREEK AT SPUDS, FL","ST","USGS",-81.48674420,29.72969147,"http://waterdata.usgs.gov/nwis/inventory?agency_code=USGS&site_no=02245260"
"02248380","HAULOVER CANAL NEAR MIMS,FL","ST","USGS",-80.75477300,28.73638079,"http://waterdata.usgs.gov/nwis/inventory?agency_code=USGS&site_no=02248380"
"02264000","CYPRESS CREEK AT VINELAND, FL","ST","USGS",-81.51951730,28.39056323,"http://waterdata.usgs.gov/nwis/inventory?agency_code=USGS&site_no=02264000"
"02264100","BONNET CREEK NEAR VINELAND, FL","ST","USGS",-81.52062840,28.32528785,"http://waterdata.usgs.gov/nwis/inventory?agency_code=USGS&site_no=02264100"
"02266200","WHITTENHORSE CREEK NEAR VINELAND, FL","ST","USGS",-81.61646320,28.38500749,"http://waterdata.usgs.gov/nwis/inventory?agency_code=USGS&site_no=02266200"
"02266300","REEDY CREEK NEAR VINELAND, FL","ST","USGS",-81.57979600,28.33278738,"http://waterdata.usgs.gov/nwis/inventory?agency_code=USGS&site_no=02266300"
"02266495","REEDY CREEK AT S-40, NEAR LOUGHMAN, FL","ST","USGS",-81.54396220,28.27584517,"http://waterdata.usgs.gov/nwis/inventory?agency_code=USGS&site_no=02266495"
"02277100","ST LUCIE RIVER AT SPEEDY POINT, STUART FL","ST","USGS",-80.25865920,27.20227000,"http://waterdata.usgs.gov/nwis/inventory?agency_code=USGS&site_no=02277100"
"02277110","ST LUCIE ESTUARY AT A1A (STEELE PT)STUART FL","ES","USGS",-80.20671300,27.19977036,"http://waterdata.usgs.gov/nwis/inventory?agency_code=USGS&site_no=02277110"
"02289035","THREE MILE CANAL BELOW G409 NEAR CLEWISTON, FL","ST-CA","USGS",-80.88161110,26.32719444,"http://waterdata.usgs.gov/nwis/inventory?agency_code=USGS&site_no=02289035"
"022907085","BLACK CREEK CANAL WEST OF U.S. 1 NR  GOULDS, FL","ST","USGS",-80.37875000,25.57091667,"http://waterdata.usgs.gov/nwis/inventory?agency_code=USGS&site_no=022907085"
"022908205","NORTH RIVER UPSTREAM OF CUTOFF NEAR FLAMINGO, FL","ST","USGS",-80.91312560,25.33900677,"http://waterdata.usgs.gov/nwis/inventory?agency_code=USGS&site_no=022908205"
"022908295","BOTTLE CREEK AT ROOKERY BRANCH NEAR HOMESTEAD, FL","ST","USGS",-80.85452780,25.46797778,"http://waterdata.usgs.gov/nwis/inventory?agency_code=USGS&site_no=022908295"
"02290878","BROAD RIVER NEAR THE CUTOFF, FL","ST","USGS",-81.07694440,25.50138889,"http://waterdata.usgs.gov/nwis/inventory?agency_code=USGS&site_no=02290878"
"02290888","CHATHAM RIVER NEAR THE WATSON PLACE, FL","ST","USGS",-81.24972220,25.70916667,"http://waterdata.usgs.gov/nwis/inventory?agency_code=USGS&site_no=02290888"
"02290918","LOSTMANS RIVER BELOW SECOND BAY, FL","ST","USGS",-81.16472220,25.55555556,"http://waterdata.usgs.gov/nwis/inventory?agency_code=USGS&site_no=02290918"
"02290928","BARRON RIVER AT EVERGLADES CITY, FL","ST","USGS",-81.38250000,25.86972220,"http://waterdata.usgs.gov/nwis/inventory?agency_code=USGS&site_no=02290928"
"02290930","TURNER RIVER NR CHOKOLOSKEE ISLAND, FL","ST","USGS",-81.34166670,25.82861110,"http://waterdata.usgs.gov/nwis/inventory?agency_code=USGS&site_no=02290930"
"02290940","NEW RIVER AT SUNDAY BAY, FL","ST","USGS",-81.25555560,25.79750000,"http://waterdata.usgs.gov/nwis/inventory?agency_code=USGS&site_no=02290940"
"02290942","LOPEZ RIVER NEAR LOPEZ CAMPSITE, FL","ST","USGS",-81.29972220,25.79138889,"http://waterdata.usgs.gov/nwis/inventory?agency_code=USGS&site_no=02290942"
"02291310","GORDON RIVER AT ROWING CLUB POINT NEAR NAPLES, FL","ES","USGS",-81.78610560,26.14941667,"http://waterdata.usgs.gov/nwis/inventory?agency_code=USGS&site_no=02291310"
"02291315","NAPLES BAY AT CITY DOCK NEAR NAPLES, FL","ES","USGS",-81.79283060,26.13276667,"http://waterdata.usgs.gov/nwis/inventory?agency_code=USGS&site_no=02291315"
"02291325","NAPLES BAY MID-ESTUARY NEAR NAPLES, FL","ES","USGS",-81.78702220,26.10567500,"http://waterdata.usgs.gov/nwis/inventory?agency_code=USGS&site_no=02291325"
"02291330","NAPLES BAY AT GORDON PASS NEAR NAPLES, FL","ES","USGS",-81.79814170,26.09313333,"http://waterdata.usgs.gov/nwis/inventory?agency_code=USGS&site_no=02291330"
"02293249","McIntyre Creek at Sanibel Island","ES","USGS",-82.10455560,26.46427778,"http://waterdata.usgs.gov/nwis/inventory?agency_code=USGS&site_no=02293249"
"02293252","DURDEN CREEK NR CAPE CORAL, FL","ES","USGS",-82.06002780,26.74383333,"http://waterdata.usgs.gov/nwis/inventory?agency_code=USGS&site_no=02293252"
"02293254","YUCCA PENS CREEK NR CAPE CORAL, FL","ES","USGS",-82.05947220,26.75533333,"http://waterdata.usgs.gov/nwis/inventory?agency_code=USGS&site_no=02293254"
"02297100","JOSHUA CREEK AT NOCATEE FL","ST","USGS",-81.87952820,27.16671794,"http://waterdata.usgs.gov/nwis/inventory?agency_code=USGS&site_no=02297100"
"02297345","PEACE RIVER AT PLATT FL","ST","USGS",-81.99944440,27.08666667,"http://waterdata.usgs.gov/nwis/inventory?agency_code=USGS&site_no=02297345"
"02297350","PEACE RIVER NR PEACE RIVER HEIGHTS NR FT. OGDEN FL","ST","USGS",-82.00730919,27.07755529,"http://waterdata.usgs.gov/nwis/inventory?agency_code=USGS&site_no=02297350"
"02297635","SHELL CREEK ON CR 764 NEAR PUNTA GORDA FL","ST","USGS",-81.88750000,26.97500000,"http://waterdata.usgs.gov/nwis/inventory?agency_code=USGS&site_no=02297635"
"02298124","PRAIRIE CREEK DOWNSTREAM NEAR FT OGDEN FL","ST","USGS",-81.78611110,27.05111110,"http://waterdata.usgs.gov/nwis/inventory?agency_code=USGS&site_no=02298124"
"02298170","PRAIRIE CREEK ON CR 764 NEAR PUNTA GORDA FL","ST","USGS",-81.89472220,26.99027778,"http://waterdata.usgs.gov/nwis/inventory?agency_code=USGS&site_no=02298170"
"02298202","SHELL CREEK NEAR PUNTA GORDA FL","ST","USGS",-81.93564140,26.98478094,"http://waterdata.usgs.gov/nwis/inventory?agency_code=USGS&site_no=02298202"
"02299230","MYAKKA RIVER AT NORTH PORT CHARLOTTE FL","ST","USGS",-82.29306550,27.04519625,"http://waterdata.usgs.gov/nwis/inventory?agency_code=USGS&site_no=02299230"
"02299496","MYAKKA R AT EL JOBEAN FL","ST","USGS",-82.21259210,26.95811636,"http://waterdata.usgs.gov/nwis/inventory?agency_code=USGS&site_no=02299496"
"02299727","SHAKETT CREEK NEAR NOKOMIS FL","ST","USGS",-82.43009580,27.14394246,"http://waterdata.usgs.gov/nwis/inventory?agency_code=USGS&site_no=02299727"
"02299733","DONNA BAY AT NOKOMIS FL","ES","USGS",-82.45648550,27.11366590,"http://waterdata.usgs.gov/nwis/inventory?agency_code=USGS&site_no=02299733"
"02299735","VENICE INLET AT CROW'S NEST MARINA AT VENICE FL","ES","USGS",-82.46555560,27.11222220,"http://waterdata.usgs.gov/nwis/inventory?agency_code=USGS&site_no=02299735"
"023000095","MANATEE RIVER AT RYE FL","ST","USGS",-82.36703750,27.51364999,"http://waterdata.usgs.gov/nwis/inventory?agency_code=USGS&site_no=023000095"
"02300021","MANATEE RIVER AT FORT HAMER FL","ES","USGS",-82.42814990,27.51837203,"http://waterdata.usgs.gov/nwis/inventory?agency_code=USGS&site_no=02300021"
"02301638","ALAFIA RIVER AT BELL SHOALS NEAR RIVERVIEW FL","ST","USGS",-82.27370210,27.85891477,"http://waterdata.usgs.gov/nwis/inventory?agency_code=USGS&site_no=02301638"
"02301718","ALAFIA RIVER AT RIVERVIEW FL","ST","USGS",-82.31981410,27.86780308,"http://waterdata.usgs.gov/nwis/inventory?agency_code=USGS&site_no=02301718"
"02301719","ALAFIA RIVER NEAR GIBSONTON FL","ST","USGS",-82.35759260,27.85696987,"http://waterdata.usgs.gov/nwis/inventory?agency_code=USGS&site_no=02301719"
"02301721","ALAFIA RIVER AT GIBSONTON FL","ST","USGS",-82.38425980,27.85974739,"http://waterdata.usgs.gov/nwis/inventory?agency_code=USGS&site_no=02301721"
"02304000","HILLSBOROUGH R AT FOWLER AV NEAR TEMPLE TERRACE FL","ST","USGS",-82.36370320,28.05446224,"http://waterdata.usgs.gov/nwis/inventory?agency_code=USGS&site_no=02304000"
"02304510","HILLSBOROUGH RIVER AT ROWLETT PK DR NEAR TAMPA FL","ST","USGS",-82.43453850,28.02113015,"http://waterdata.usgs.gov/nwis/inventory?agency_code=USGS&site_no=02304510"
"02304520","HILLSBOROUGH RIVER AT SULPHUR SPRINGS FL","ST","USGS",-82.45176100,28.01974120,"http://waterdata.usgs.gov/nwis/inventory?agency_code=USGS&site_no=02304520"
"02306000","SULPHUR SPRINGS AT SULPHUR SPRINGS FL","SP","USGS",-82.45176100,28.02113004,"http://waterdata.usgs.gov/nwis/inventory?agency_code=USGS&site_no=02306000"
"023060003","SULPHUR SPRINGS RUN AT SULPHUR SPRINGS FL","SP","USGS",-82.45231658,28.02113003,"http://waterdata.usgs.gov/nwis/inventory?agency_code=USGS&site_no=023060003"
"023060013","HILLSBOROUGH R. AT I-275 BRIDGE AT SULPHUR SPGS FL","ST","USGS",-82.45481660,28.02029670,"http://waterdata.usgs.gov/nwis/inventory?agency_code=USGS&site_no=023060013"
"02306028","HILLSBOROUGH RIVER AT PLATT STREET AT TAMPA FL","ST","USGS",-82.45870570,27.94196627,"http://waterdata.usgs.gov/nwis/inventory?agency_code=USGS&site_no=02306028"
"02310308","PITHLACHASCOTEE R AT MAIN ST AT NEW PORT RICHEY FL","ST","USGS",-82.72121180,28.26084270,"http://waterdata.usgs.gov/nwis/inventory?agency_code=USGS&site_no=02310308"
"02310650","CHASSAHOWITZKA RIVER NEAR HOMOSASSA FL","ST","USGS",-82.57676560,28.71526419,"http://waterdata.usgs.gov/nwis/inventory?agency_code=USGS&site_no=02310650"
"02310663","CHASSAHOWITZKA RIVER NEAR CHASSAHOWITZKA FL","ES","USGS",-82.60621070,28.71526404,"http://waterdata.usgs.gov/nwis/inventory?agency_code=USGS&site_no=02310663"
"02310673","CHASSAHOWITZKA R AT DOG ISL NR CHASSAHOWITZKA FL","ST","USGS",-82.62472220,28.70263889,"http://waterdata.usgs.gov/nwis/inventory?agency_code=USGS&site_no=02310673"
"02310674","CHASSAHOWITZKA R AT MOUTH NR CHASSAHOWITZKA FL","ST","USGS",-82.63898910,28.69470935,"http://waterdata.usgs.gov/nwis/inventory?agency_code=USGS&site_no=02310674"
"02310678","HOMOSASSA SPRINGS AT HOMOSASSA SPRINGS FL","SP","USGS",-82.58871089,28.79970509,"http://waterdata.usgs.gov/nwis/inventory?agency_code=USGS&site_no=02310678"
"02310688","SE FORK HOMOSASSA SPRING AT HOMOSASSA SPRINGS FL","SP","USGS",-82.58982200,28.79748294,"http://waterdata.usgs.gov/nwis/inventory?agency_code=USGS&site_no=02310688"
"02310689","HALLS RIVER AT HOMOSASSA SPRINGS FL","ST-TS","USGS",-82.60563889,28.81311110,"http://waterdata.usgs.gov/nwis/inventory?agency_code=USGS&site_no=02310689"
"02310700","HOMOSASSA R AT HOMOSASSA FL","ST","USGS",-82.61787790,28.78526096,"http://waterdata.usgs.gov/nwis/inventory?agency_code=USGS&site_no=02310700"
"02310742","CRYSTAL RIVER AT MOUTH OF KINGS BAY FL","ST","USGS",-82.60555560,28.89336110,"http://waterdata.usgs.gov/nwis/inventory?agency_code=USGS&site_no=02310742"
"02310747","CRYSTAL RIVER AT BAGLEY COVE NEAR CRYSTAL RIVER FL","ES","USGS",-82.62388889,28.90638889,"http://waterdata.usgs.gov/nwis/inventory?agency_code=USGS&site_no=02310747"
"02310752","SALT RIVER NEAR CRYSTAL RIVER FL","ST","USGS",-82.64580560,28.90155556,"http://waterdata.usgs.gov/nwis/inventory?agency_code=USGS&site_no=02310752"
"02313272","WITHLACOOCHEE R AT CHAMBERS IS NEAR YANKEETOWN FL","ST","USGS",-82.76578760,29.00110935,"http://waterdata.usgs.gov/nwis/inventory?agency_code=USGS&site_no=02313272"
"02322800","SANTA FE RIVER NR HILDRETH FLA","ST","USGS",-82.86040330,29.91162076,"http://waterdata.usgs.gov/nwis/inventory?agency_code=USGS&site_no=02322800"
"02323592","SUWANNEE RIVER AB GOPHER RIVER NR SUWANNEE FL","ST","USGS",-83.08651500,29.33940554,"http://waterdata.usgs.gov/nwis/inventory?agency_code=USGS&site_no=02323592"
"250802081035500","EAST SIDE CREEK NEAR LAKE INGRAHAM, FL","ST","USGS",-81.06438060,25.13696944,"http://waterdata.usgs.gov/nwis/inventory?agency_code=USGS&site_no=250802081035500"
"251003080435500","MCCORMICK CREEK AT MOUTH NEAR KEY LARGO, FL","ST","USGS",-80.73337640,25.16859547,"http://waterdata.usgs.gov/nwis/inventory?agency_code=USGS&site_no=251003080435500"
"251127080382100","TAYLOR RIVER AT MOUTH NEAR HOMESTEAD, FL","ST","USGS",-80.63883780,25.19099440,"http://waterdata.usgs.gov/nwis/inventory?agency_code=USGS&site_no=251127080382100"
"251209080350100","MUD CREEK AT MOUTH NR HOMESTEAD, FL","ST","USGS",-80.58389460,25.20370210,"http://waterdata.usgs.gov/nwis/inventory?agency_code=USGS&site_no=251209080350100"
"251241080385300","UPSTREAM TAYLOR RIVER NEAR HOMESTEAD, FL","ST","USGS",-80.64766670,25.21029720,"http://waterdata.usgs.gov/nwis/inventory?agency_code=USGS&site_no=251241080385300"
"251253080320100","TROUT CREEK AT MOUTH NEAR KEY LARGO, FL","ST","USGS",-80.53328490,25.21530426,"http://waterdata.usgs.gov/nwis/inventory?agency_code=USGS&site_no=251253080320100"
"251355080312800","JOE BAY 2E, NEAR KEY LARGO, FL","ST","USGS",-80.52486670,25.23262500,"http://waterdata.usgs.gov/nwis/inventory?agency_code=USGS&site_no=251355080312800"
"251433080265000","WEST HIGHWAY CREEK NEAR HOMESTEAD, FL","ST","USGS",-80.44757220,25.24210833,"http://waterdata.usgs.gov/nwis/inventory?agency_code=USGS&site_no=251433080265000"
"251457080395802","G  -3777","GW","USGS",-80.66626110,25.25255556,"http://waterdata.usgs.gov/nwis/inventory?agency_code=USGS&site_no=251457080395802"
"252230081021300","SHARK RIVER BELOW GUNBOAT ISLAND NR FLAMINGO, FL","ST-TS","USGS",-81.03649300,25.37532550,"http://waterdata.usgs.gov/nwis/inventory?agency_code=USGS&site_no=252230081021300"
"252820080505401","MO  - 215","GW","USGS",-80.84833330,25.47222220,"http://waterdata.usgs.gov/nwis/inventory?agency_code=USGS&site_no=252820080505401"
"253044080555900","EDEN 3 IN EVERGLADES NATIONAL PARK","ST","USGS",-80.93315280,25.51212500,"http://waterdata.usgs.gov/nwis/inventory?agency_code=USGS&site_no=253044080555900"
"253644081013001","MO  - 214","GW","USGS",-81.02525000,25.61224444,"http://waterdata.usgs.gov/nwis/inventory?agency_code=USGS&site_no=253644081013001"
"254150080215501","G  -3877","GW","USGS",-80.36527780,25.69745833,"http://waterdata.usgs.gov/nwis/inventory?agency_code=USGS&site_no=254150080215501"
"254150080215502","G  -3902","GW","USGS",-80.36530560,25.69745833,"http://waterdata.usgs.gov/nwis/inventory?agency_code=USGS&site_no=254150080215502"
"254150080215503","G  -3903","GW","USGS",-80.36533330,25.69745833,"http://waterdata.usgs.gov/nwis/inventory?agency_code=USGS&site_no=254150080215503"
"254151080214301","G  -3878","GW","USGS",-80.36201389,25.69770833,"http://waterdata.usgs.gov/nwis/inventory?agency_code=USGS&site_no=254151080214301"
"254151080214302","G  -3904","GW","USGS",-80.36201670,25.69770833,"http://waterdata.usgs.gov/nwis/inventory?agency_code=USGS&site_no=254151080214302"
"254151080214303","G  -3905","GW","USGS",-80.36201940,25.69770833,"http://waterdata.usgs.gov/nwis/inventory?agency_code=USGS&site_no=254151080214303"
"254151080214304","G  -3906","GW","USGS",-80.36202220,25.69770833,"http://waterdata.usgs.gov/nwis/inventory?agency_code=USGS&site_no=254151080214304"
"254153080213901","G  -3879","GW","USGS",-80.36109720,25.69819444,"http://waterdata.usgs.gov/nwis/inventory?agency_code=USGS&site_no=254153080213901"
"254153080213902","G  -3907","GW","USGS",-80.36110000,25.69823610,"http://waterdata.usgs.gov/nwis/inventory?agency_code=USGS&site_no=254153080213902"
"254153080213903","G  -3908","GW","USGS",-80.36110280,25.69823610,"http://waterdata.usgs.gov/nwis/inventory?agency_code=USGS&site_no=254153080213903"
"254153080213904","G  -3909","GW","USGS",-80.36110560,25.69823610,"http://waterdata.usgs.gov/nwis/inventory?agency_code=USGS&site_no=254153080213904"
"254154080213701","G  -3912","GW","USGS",-80.36047220,25.69851389,"http://waterdata.usgs.gov/nwis/inventory?agency_code=USGS&site_no=254154080213701"
"254154080213702","G  -3910","GW","USGS",-80.36050000,25.69851389,"http://waterdata.usgs.gov/nwis/inventory?agency_code=USGS&site_no=254154080213702"
"254154080213703","G  -3911","GW","USGS",-80.36052780,25.69851389,"http://waterdata.usgs.gov/nwis/inventory?agency_code=USGS&site_no=254154080213703"
"254154080213704","G  -3880","GW","USGS",-80.36044440,25.69851389,"http://waterdata.usgs.gov/nwis/inventory?agency_code=USGS&site_no=254154080213704"
"254155080213500","SNAPPER CREEK AT WATER PIPE NEAR SOUTH MIAMI, FL","ST-CA","USGS",-80.35980560,25.69872220,"http://waterdata.usgs.gov/nwis/inventory?agency_code=USGS&site_no=254155080213500"
"254155080243501","G  -3881","GW","USGS",-80.35972220,25.69886110,"http://waterdata.usgs.gov/nwis/inventory?agency_code=USGS&site_no=254155080243501"
"254155080243502","G  -3913","GW","USGS",-80.35975000,25.69886110,"http://waterdata.usgs.gov/nwis/inventory?agency_code=USGS&site_no=254155080243502"
"254155080243503","G  -3914","GW","USGS",-80.35977780,25.69886110,"http://waterdata.usgs.gov/nwis/inventory?agency_code=USGS&site_no=254155080243503"
"254155080243504","G  -3915","GW","USGS",-80.35980560,25.69886110,"http://waterdata.usgs.gov/nwis/inventory?agency_code=USGS&site_no=254155080243504"
"254157080213800","SNAPPER CREEK NO.5 ABV WATER PIPE NR S. MIAMI, FL","ST-CA","USGS",-80.36061110,25.69905556,"http://waterdata.usgs.gov/nwis/inventory?agency_code=USGS&site_no=254157080213800"
"254158080212201","G  -3882","GW","USGS",-80.35619440,25.69956944,"http://waterdata.usgs.gov/nwis/inventory?agency_code=USGS&site_no=254158080212201"
"254158080212202","G  -3916","GW","USGS",-80.35622220,25.69956944,"http://waterdata.usgs.gov/nwis/inventory?agency_code=USGS&site_no=254158080212202"
"254158080212203","G  -3917","GW","USGS",-80.35625000,25.69956944,"http://waterdata.usgs.gov/nwis/inventory?agency_code=USGS&site_no=254158080212203"
"254158080212204","G  -3918","GW","USGS",-80.35627780,25.69956944,"http://waterdata.usgs.gov/nwis/inventory?agency_code=USGS&site_no=254158080212204"
"254543080405401","TAMIAMI CANAL AT S-12-D NEAR MIAMI, FL","ST-CA","USGS",-80.68145010,25.76232317,"http://waterdata.usgs.gov/nwis/inventory?agency_code=USGS&site_no=254543080405401"
"255300080370001","SITE 69 IN CONSERVATION AREA 3BNR COOPERTOWN, FL","ST","USGS",-80.58876389,25.90660833,"http://waterdata.usgs.gov/nwis/inventory?agency_code=USGS&site_no=255300080370001"
"255327081275900","EAST RIVER NEAR EVERGLADES CITY, FL","ST","USGS",-81.46627780,25.89055556,"http://waterdata.usgs.gov/nwis/inventory?agency_code=USGS&site_no=255327081275900"
"255432081303900","FAKA-UNION RIVER NEAR THE MOUTH","ST","USGS",-81.51091670,25.90880556,"http://waterdata.usgs.gov/nwis/inventory?agency_code=USGS&site_no=255432081303900"
"255534081324000","PUMPKIN RIVER NEAR GOODLAND, FL","ST","USGS",-81.54430560,25.92600000,"http://waterdata.usgs.gov/nwis/inventory?agency_code=USGS&site_no=255534081324000"
"255654081350200","BLACKWATER RIVER NEAR GOODLAND, FL","ST","USGS",-81.58388889,25.94819444,"http://waterdata.usgs.gov/nwis/inventory?agency_code=USGS&site_no=255654081350200"
"255732081363700","PALM RIVER NEAR GOOODLAND, FL","ST","USGS",-81.61030560,25.95877778,"http://waterdata.usgs.gov/nwis/inventory?agency_code=USGS&site_no=255732081363700"
"261533080571600","L-28 INTERCEPTOR CANAL BELOW S-190 NEAR CLEWISTON,","ST-CA","USGS",-80.95423300,26.25952746,"http://waterdata.usgs.gov/nwis/inventory?agency_code=USGS&site_no=261533080571600"
"265405080472100","LZ40","LK","USGS",-80.78894900,26.90172485,"http://waterdata.usgs.gov/nwis/inventory?agency_code=USGS&site_no=265405080472100"
"265906080093500","LOXAHATCHEE RIVER AT MILE 9.1 NEAR JUPITER, FL","ST","USGS",-80.16004390,26.98533377,"http://waterdata.usgs.gov/nwis/inventory?agency_code=USGS&site_no=265906080093500"
"272524080221800","FIVE MILE CANAL ABOVE S-29-1-4 NR FT. PIERCE, FL","ST-CA","USGS",-80.37144000,27.42365086,"http://waterdata.usgs.gov/nwis/inventory?agency_code=USGS&site_no=272524080221800"
"273126082384700","MANATEE RIVER NEAR MOUTH AT PALMA SOLA FL","ST","USGS",-82.64638889,27.52388889,"http://waterdata.usgs.gov/nwis/inventory?agency_code=USGS&site_no=273126082384700"
"285531082412600","CRYSTAL RV AT MOUTH NR SHELL ISL NR CRYSTAL RV FL","ST","USGS",-82.69063889,28.92527778,"http://waterdata.usgs.gov/nwis/inventory?agency_code=USGS&site_no=285531082412600"
"291830081362200","LAKE GEORGE AT MARKER 5 NR SALT SPRINGS, FL","LK","USGS",-81.60590910,29.30858648,"http://waterdata.usgs.gov/nwis/inventory?agency_code=USGS&site_no=291830081362200"
"294213081345300","ST. JOHNS RIVER AT DANCY POINT NEAR SPUDS, FL","ST","USGS",-81.58119190,29.70385766,"http://waterdata.usgs.gov/nwis/inventory?agency_code=USGS&site_no=294213081345300"
"301124081395901","ST.JOHNS RIVER BUCKMAN BRIDGE AT JACKSONVILLE,FL","ST","USGS",-81.66620480,30.19024050,"http://waterdata.usgs.gov/nwis/inventory?agency_code=USGS&site_no=301124081395901"
"302309081333001","ST JOHNS R DAMES POINT BRIDGE AT JACKSONVILLE, FL","ST","USGS",-81.55814749,30.38607270,"http://waterdata.usgs.gov/nwis/inventory?agency_code=USGS&site_no=302309081333001"
