SiteNumber, SiteName, SiteCategory, SiteAgency, SiteLongitude, SiteLatitude, SiteNWISURL
"01118300","PENDLETON HILL BROOK NEAR CLARKS FALLS, CT.","ST","USGS",-71.83423610,41.47482220,"http://waterdata.usgs.gov/nwis/inventory?agency_code=USGS&site_no=01118300"
"01119382","WILLIMANTIC RIVER AT MERROW RD. NEAR MERROW, CT","ST","USGS",-72.31284720,41.82401110,"http://waterdata.usgs.gov/nwis/inventory?agency_code=USGS&site_no=01119382"
"01119500","WILLIMANTIC RIVER NEAR COVENTRY, CT.","ST","USGS",-72.26563469,41.75065440,"http://waterdata.usgs.gov/nwis/inventory?agency_code=USGS&site_no=01119500"
"01120790","NATCHAUG RIVER AT MARCY RD. NEAR CHAPLIN, CT","ST","USGS",-72.10616940,41.81616944,"http://waterdata.usgs.gov/nwis/inventory?agency_code=USGS&site_no=01120790"
"01121000","MOUNT HOPE RIVER NEAR WARRENVILLE, CT.","ST","USGS",-72.16896620,41.84370890,"http://waterdata.usgs.gov/nwis/inventory?agency_code=USGS&site_no=01121000"
"01121330","FENTON RIVER AT MANSFIELD,CT","ST","USGS",-72.24278060,41.83319444,"http://waterdata.usgs.gov/nwis/inventory?agency_code=USGS&site_no=01121330"
"01122000","NATCHAUG RIVER AT WILLIMANTIC, CT.","ST","USGS",-72.19557500,41.72010000,"http://waterdata.usgs.gov/nwis/inventory?agency_code=USGS&site_no=01122000"
"01122500","SHETUCKET RIVER NEAR WILLIMANTIC, CT.","ST","USGS",-72.18202230,41.70037644,"http://waterdata.usgs.gov/nwis/inventory?agency_code=USGS&site_no=01122500"
"01123000","LITTLE RIVER NEAR HANOVER, CT.","ST","USGS",-72.05229807,41.67176510,"http://waterdata.usgs.gov/nwis/inventory?agency_code=USGS&site_no=01123000"
"011230695","SHETUCKET RIVER AT TAFTVILLE, CONN.","ST","USGS",-72.04624440,41.57000278,"http://waterdata.usgs.gov/nwis/inventory?agency_code=USGS&site_no=011230695"
"01123360","QUINEBAUG R BL E BRIMFIELD DAM AT FISKDALE, MA","ST","USGS",-72.12613060,42.10837500,"http://waterdata.usgs.gov/nwis/inventory?agency_code=USGS&site_no=01123360"
"01123600","QUINEBAUG R BL WESTVILLE DAM NR SOUTHBRIDGE, MA","ST","USGS",-72.05838060,42.08261944,"http://waterdata.usgs.gov/nwis/inventory?agency_code=USGS&site_no=01123600"
"01124000","QUINEBAUG RIVER AT QUINEBAUG, CT.","ST","USGS",-71.95562890,42.02231890,"http://waterdata.usgs.gov/nwis/inventory?agency_code=USGS&site_no=01124000"
"01124151","QUINEBAUG R AT WEST THOMPSON, CONN.","ST","USGS",-71.89959720,41.94356667,"http://waterdata.usgs.gov/nwis/inventory?agency_code=USGS&site_no=01124151"
"01125100","FRENCH R AT N GROSVENORDALE, CT.","ST","USGS",-71.90051389,41.97846389,"http://waterdata.usgs.gov/nwis/inventory?agency_code=USGS&site_no=01125100"
"01125490","LITTLE RIVER AT HARRISVILLE, CT","ST","USGS",-71.93000830,41.92784444,"http://waterdata.usgs.gov/nwis/inventory?agency_code=USGS&site_no=01125490"
"01125500","QUINEBAUG RIVER AT PUTNAM, CT","ST","USGS",-71.91386389,41.90947500,"http://waterdata.usgs.gov/nwis/inventory?agency_code=USGS&site_no=01125500"
"01127000","QUINEBAUG RIVER AT JEWETT CITY, CT.","ST","USGS",-71.98409440,41.59749167,"http://waterdata.usgs.gov/nwis/inventory?agency_code=USGS&site_no=01127000"
"01127500","YANTIC RIVER AT YANTIC, CT.","ST","USGS",-72.12146660,41.55870940,"http://waterdata.usgs.gov/nwis/inventory?agency_code=USGS&site_no=01127500"
"01172010","CONNECTICUT R AT I-391 BRIDGE AT HOLYOKE, MA","ST","USGS",-72.60931110,42.19146944,"http://waterdata.usgs.gov/nwis/inventory?agency_code=USGS&site_no=01172010"
"01184000","CONNECTICUT RIVER AT THOMPSONVILLE, CT.","ST","USGS",-72.60536690,41.98731860,"http://waterdata.usgs.gov/nwis/inventory?agency_code=USGS&site_no=01184000"
"01184100","STONY BROOK NEAR WEST SUFFIELD, CT.","ST","USGS",-72.71048610,41.96083889,"http://waterdata.usgs.gov/nwis/inventory?agency_code=USGS&site_no=01184100"
"01184490","BROAD BROOK AT BROAD BROOK, CT.","ST","USGS",-72.54970000,41.91389720,"http://waterdata.usgs.gov/nwis/inventory?agency_code=USGS&site_no=01184490"
"01185500","WEST BRANCH FARMINGTON RIVER NEAR NEW BOSTON, MA","ST","USGS",-73.07288330,42.07886110,"http://waterdata.usgs.gov/nwis/inventory?agency_code=USGS&site_no=01185500"
"01186000","WEST BRANCH FARMINGTON RIVER AT RIVERTON, CT","ST","USGS",-73.01760600,41.96287290,"http://waterdata.usgs.gov/nwis/inventory?agency_code=USGS&site_no=01186000"
"01186500","STILL RIVER AT ROBERTSVILLE, CT.","ST","USGS",-73.03344440,41.96792220,"http://waterdata.usgs.gov/nwis/inventory?agency_code=USGS&site_no=01186500"
"01187300","HUBBARD RIVER NR. WEST HARTLAND, CT.","ST","USGS",-72.93932778,42.03750000,"http://waterdata.usgs.gov/nwis/inventory?agency_code=USGS&site_no=01187300"
"01188000","BUNNELL (BURLINGTON) BR NR BURLINGTON, CT","ST","USGS",-72.96482610,41.78620900,"http://waterdata.usgs.gov/nwis/inventory?agency_code=USGS&site_no=01188000"
"01188090","FARMINGTON RIVER AT UNIONVILLE, CT.","ST","USGS",-72.88704170,41.75554720,"http://waterdata.usgs.gov/nwis/inventory?agency_code=USGS&site_no=01188090"
"01189213","FARMINGTON RIVER AT SIMSBURY, CT","ST","USGS",-72.79724440,41.86970556,"http://waterdata.usgs.gov/nwis/inventory?agency_code=USGS&site_no=01189213"
"01189995","FARMINGTON RIVER AT TARIFFVILLE, CT.","ST","USGS",-72.75935278,41.90828330,"http://waterdata.usgs.gov/nwis/inventory?agency_code=USGS&site_no=01189995"
"01190070","CONNECTICUT RIVER AT HARTFORD, CT.","ES","USGS",-72.66755000,41.76909444,"http://waterdata.usgs.gov/nwis/inventory?agency_code=USGS&site_no=01190070"
"01191000","NORTH BRANCH PARK R AT HARTFORD, CT.","ST","USGS",-72.70805560,41.78443889,"http://waterdata.usgs.gov/nwis/inventory?agency_code=USGS&site_no=01191000"
"01192500","HOCKANUM RIVER NEAR EAST HARTFORD, CT.","ST","USGS",-72.58731140,41.78315480,"http://waterdata.usgs.gov/nwis/inventory?agency_code=USGS&site_no=01192500"
"01192883","COGINCHAUG RIVER AT MIDDLEFIELD, CT","ST","USGS",-72.70653060,41.52023330,"http://waterdata.usgs.gov/nwis/inventory?agency_code=USGS&site_no=01192883"
"01193000","CONNECTICUT RIVER AT MIDDLETOWN, CT.","ES","USGS",-72.61150830,41.56091389,"http://waterdata.usgs.gov/nwis/inventory?agency_code=USGS&site_no=01193000"
"01193050","CONNECTICUT R AT MIDDLE HADDAM, CT","ST-TS","USGS",-72.55314540,41.54176560,"http://waterdata.usgs.gov/nwis/inventory?agency_code=USGS&site_no=01193050"
"01193500","SALMON RIVER NEAR EAST HAMPTON, CT.","ST","USGS",-72.44925287,41.55232124,"http://waterdata.usgs.gov/nwis/inventory?agency_code=USGS&site_no=01193500"
"01194000","EIGHTMILE R AT NORTH PLAIN, CT.","ST","USGS",-72.33267778,41.44166944,"http://waterdata.usgs.gov/nwis/inventory?agency_code=USGS&site_no=01194000"
"01194500","EAST BRANCH EIGHTMILE RIVER NEAR NORTH LYME, CT.","ST","USGS",-72.33477778,41.42751667,"http://waterdata.usgs.gov/nwis/inventory?agency_code=USGS&site_no=01194500"
"01194750","CONNECTICUT RIVER AT ESSEX, CT","ES","USGS",-72.38436670,41.35148330,"http://waterdata.usgs.gov/nwis/inventory?agency_code=USGS&site_no=01194750"
"01194796","CONNECTICUT RIVER AT OLD LYME, CT","ES","USGS",-72.34591660,41.31259830,"http://waterdata.usgs.gov/nwis/inventory?agency_code=USGS&site_no=01194796"
"01195100","INDIAN RIVER NEAR CLINTON, CT.","ST","USGS",-72.53103330,41.30617220,"http://waterdata.usgs.gov/nwis/inventory?agency_code=USGS&site_no=01195100"
"01195490","QUINNIPIAC RIVER AT SOUTHINGTON, CT.","ST","USGS",-72.88320000,41.60347220,"http://waterdata.usgs.gov/nwis/inventory?agency_code=USGS&site_no=01195490"
"01196500","QUINNIPIAC RIVER AT WALLINGFORD, CT.","ST","USGS",-72.84127500,41.45026389,"http://waterdata.usgs.gov/nwis/inventory?agency_code=USGS&site_no=01196500"
"01196561","Muddy River near East Wallingford","ST","USGS",-72.77949170,41.43560830,"http://waterdata.usgs.gov/nwis/inventory?agency_code=USGS&site_no=01196561"
"01196620","MILL R NR HAMDEN, CT.","ST","USGS",-72.90265830,41.42041389,"http://waterdata.usgs.gov/nwis/inventory?agency_code=USGS&site_no=01196620"
"01197500","HOUSATONIC RIVER NEAR GREAT BARRINGTON, MA","ST","USGS",-73.35466670,42.23191667,"http://waterdata.usgs.gov/nwis/inventory?agency_code=USGS&site_no=01197500"
"01198000","GREEN RIVER NEAR GREAT BARRINGTON, MA","ST","USGS",-73.39123060,42.19290830,"http://waterdata.usgs.gov/nwis/inventory?agency_code=USGS&site_no=01198000"
"01198125","HOUSATONIC RIVER NR ASHLEY FALLS, MA.","ST","USGS",-73.33344858,42.07481380,"http://waterdata.usgs.gov/nwis/inventory?agency_code=USGS&site_no=01198125"
"01199000","HOUSATONIC RIVER AT FALLS VILLAGE, CT.","ST","USGS",-73.36928577,41.95731548,"http://waterdata.usgs.gov/nwis/inventory?agency_code=USGS&site_no=01199000"
"01199050","SALMON CREEK AT LIME ROCK, CT.","ST","USGS",-73.39095320,41.94231548,"http://waterdata.usgs.gov/nwis/inventory?agency_code=USGS&site_no=01199050"
"01200000","TENMILE RIVER NEAR GAYLORDSVILLE, CT","ST","USGS",-73.52868330,41.65876389,"http://waterdata.usgs.gov/nwis/inventory?agency_code=USGS&site_no=01200000"
"01200500","HOUSATONIC RIVER AT GAYLORDSVILLE, CT.","ST","USGS",-73.48984620,41.65314960,"http://waterdata.usgs.gov/nwis/inventory?agency_code=USGS&site_no=01200500"
"01201487","STILL RIVER AT ROUTE 7 AT BROOKFIELD CENTER, CT.","ST","USGS",-73.40320278,41.46582220,"http://waterdata.usgs.gov/nwis/inventory?agency_code=USGS&site_no=01201487"
"01202501","SHEPAUG RIVER AT PETERS DAM AT WOODVILLE, CT","ST","USGS",-73.29260278,41.71957500,"http://waterdata.usgs.gov/nwis/inventory?agency_code=USGS&site_no=01202501"
"012035055","POOTATUCK RIVER AT BERKSHIRE","ST","USGS",-73.27318330,41.40654720,"http://waterdata.usgs.gov/nwis/inventory?agency_code=USGS&site_no=012035055"
"01203510","POOTATUCK R AT SANDY HOOK, CT.","ST","USGS",-73.28210000,41.41925000,"http://waterdata.usgs.gov/nwis/inventory?agency_code=USGS&site_no=01203510"
"01203600","NONEWAUG RIVER AT MINORTOWN, CT.","ST","USGS",-73.17846670,41.57585000,"http://waterdata.usgs.gov/nwis/inventory?agency_code=USGS&site_no=01203600"
"01203805","WEEKEEPEEMEE RIVER AT HOTCHKISSVILLE, CT","ST","USGS",-73.21535278,41.55770830,"http://waterdata.usgs.gov/nwis/inventory?agency_code=USGS&site_no=01203805"
"01204000","POMPERAUG RIVER AT SOUTHBURY, CT.","ST","USGS",-73.22457220,41.48193889,"http://waterdata.usgs.gov/nwis/inventory?agency_code=USGS&site_no=01204000"
"01205500","HOUSATONIC RIVER AT STEVENSON, CT.","ST","USGS",-73.16663889,41.38380278,"http://waterdata.usgs.gov/nwis/inventory?agency_code=USGS&site_no=01205500"
"01206900","NAUGATUCK RIVER AT THOMASTON, CT.","ST","USGS",-73.06955270,41.67370840,"http://waterdata.usgs.gov/nwis/inventory?agency_code=USGS&site_no=01206900"
"01208500","NAUGATUCK RIVER AT BEACON FALLS, CT.","ST","USGS",-73.06228330,41.44230000,"http://waterdata.usgs.gov/nwis/inventory?agency_code=USGS&site_no=01208500"
"01208873","ROOSTER RIVER AT FAIRFIELD, CT","ST","USGS",-73.21900219,41.17981890,"http://waterdata.usgs.gov/nwis/inventory?agency_code=USGS&site_no=01208873"
"01208925","MILL R NR FAIRFIELD, CT","ST","USGS",-73.27000830,41.16547500,"http://waterdata.usgs.gov/nwis/inventory?agency_code=USGS&site_no=01208925"
"01208950","SASCO BROOK NEAR SOUTHPORT, CT.","ST","USGS",-73.30594950,41.15287436,"http://waterdata.usgs.gov/nwis/inventory?agency_code=USGS&site_no=01208950"
"01209005","Saugatuck R below Saugatuck Res nr Lyons Plain, CT","ST","USGS",-73.34923610,41.24551389,"http://waterdata.usgs.gov/nwis/inventory?agency_code=USGS&site_no=01209005"
"01209105","ASPETUCK RIVER AT ASPETUCK, CT","ST","USGS",-73.32411940,41.22874167,"http://waterdata.usgs.gov/nwis/inventory?agency_code=USGS&site_no=01209105"
"01209500","SAUGATUCK R NR WESTPORT, CT.","ST","USGS",-73.36481670,41.17073056,"http://waterdata.usgs.gov/nwis/inventory?agency_code=USGS&site_no=01209500"
"012095493","Ridgefield Brook at Shields Lane nr Ridgefield, CT","ST","USGS",-73.49289440,41.31408889,"http://waterdata.usgs.gov/nwis/inventory?agency_code=USGS&site_no=012095493"
"01209700","NORWALK R AT SOUTH WILTON, CT.","ST","USGS",-73.41954440,41.16376667,"http://waterdata.usgs.gov/nwis/inventory?agency_code=USGS&site_no=01209700"
"01209761","FIVEMILE RIVER NEAR NEW CANAAN, CT.","ST","USGS",-73.51107778,41.17432220,"http://waterdata.usgs.gov/nwis/inventory?agency_code=USGS&site_no=01209761"
"01209788","STAMFORD HURRICANE BARRIER AT STAMFORD, CT.","ST","USGS",-73.53428929,41.03704150,"http://waterdata.usgs.gov/nwis/inventory?agency_code=USGS&site_no=01209788"
"01209901","RIPPOWAM RIVER AT STAMFORD, CT.","ST","USGS",-73.54927220,41.06611110,"http://waterdata.usgs.gov/nwis/inventory?agency_code=USGS&site_no=01209901"
"01212500","BYRAM RIVER AT PEMBERWICK","ST","USGS",-73.66175000,41.02729720,"http://waterdata.usgs.gov/nwis/inventory?agency_code=USGS&site_no=01212500"
