SiteNumber, SiteName, SiteCategory, SiteAgency, SiteLongitude, SiteLatitude, SiteNWISURL
"01052500","Diamond River near Wentworth Location, NH","ST","USGS",-71.05750000,44.87750000,"http://waterdata.usgs.gov/nwis/inventory?agency_code=USGS&site_no=01052500"
"01053500","Androscoggin River at Errol, NH","ST","USGS",-71.12861110,44.78250000,"http://waterdata.usgs.gov/nwis/inventory?agency_code=USGS&site_no=01053500"
"01053600","Androscoggin River below Bog Brook at Cambridge NH","ST","USGS",-71.18138889,44.66611110,"http://waterdata.usgs.gov/nwis/inventory?agency_code=USGS&site_no=01053600"
"01054000","Androscoggin River near Gorham, NH","ST","USGS",-71.19027778,44.43583330,"http://waterdata.usgs.gov/nwis/inventory?agency_code=USGS&site_no=01054000"
"01054114","Peabody River at Gorham, New Hampshire","ST","USGS",-71.17065560,44.38131944,"http://waterdata.usgs.gov/nwis/inventory?agency_code=USGS&site_no=01054114"
"010642505","SACO RIVER AT RIVER STREET, AT BARTLETT, NH","ST","USGS",-71.28500000,44.08361110,"http://waterdata.usgs.gov/nwis/inventory?agency_code=USGS&site_no=010642505"
"01064500","Saco River near Conway, NH","ST","USGS",-71.09055560,43.99083330,"http://waterdata.usgs.gov/nwis/inventory?agency_code=USGS&site_no=01064500"
"01064801","BEARCAMP RIVER AT SOUTH TAMWORTH, NH","ST","USGS",-71.28784880,43.83007396,"http://waterdata.usgs.gov/nwis/inventory?agency_code=USGS&site_no=01064801"
"01072800","COCHECO RIVER NEAR ROCHESTER, NH.","ST","USGS",-70.97367390,43.26841527,"http://waterdata.usgs.gov/nwis/inventory?agency_code=USGS&site_no=01072800"
"01072870","ISINGLASS R AT ROCHESTER NECK RD, NR DOVER, NH","ST","USGS",-70.95645070,43.23480487,"http://waterdata.usgs.gov/nwis/inventory?agency_code=USGS&site_no=01072870"
"01073000","OYSTER RIVER NEAR DURHAM, NH","ST","USGS",-70.96506030,43.14869550,"http://waterdata.usgs.gov/nwis/inventory?agency_code=USGS&site_no=01073000"
"01073319","LAMPREY RIVER AT LANGFORD ROAD, AT RAYMOND, NH","ST","USGS",-71.20061769,43.04230695,"http://waterdata.usgs.gov/nwis/inventory?agency_code=USGS&site_no=01073319"
"01073500","LAMPREY RIVER NEAR NEWMARKET, NH","ST","USGS",-70.95255900,43.10258558,"http://waterdata.usgs.gov/nwis/inventory?agency_code=USGS&site_no=01073500"
"010735562","EXETER RIVER AT ODELL ROAD, NEAR SANDOWN, NH","ST","USGS",-71.16478279,42.94897557,"http://waterdata.usgs.gov/nwis/inventory?agency_code=USGS&site_no=010735562"
"01073587","EXETER RIVER AT HAIGH ROAD, NEAR BRENTWOOD, NH","ST","USGS",-71.03839200,42.98453160,"http://waterdata.usgs.gov/nwis/inventory?agency_code=USGS&site_no=01073587"
"01073785","WINNICUT RIVER AT GREENLAND, NR PORTSMOUTH, NH","ST","USGS",-70.84811040,43.03675487,"http://waterdata.usgs.gov/nwis/inventory?agency_code=USGS&site_no=01073785"
"01074520","EAST BRANCH PEMIGEWASSET RIVER AT LINCOLN, NH","ST","USGS",-71.65980290,44.04756690,"http://waterdata.usgs.gov/nwis/inventory?agency_code=USGS&site_no=01074520"
"01075000","PEMIGEWASSET RIVER AT WOODSTOCK, NH","ST","USGS",-71.67952440,43.97617920,"http://waterdata.usgs.gov/nwis/inventory?agency_code=USGS&site_no=01075000"
"01076000","BAKER RIVER NEAR RUMNEY, NH","ST","USGS",-71.84535940,43.79562647,"http://waterdata.usgs.gov/nwis/inventory?agency_code=USGS&site_no=01076000"
"01076500","PEMIGEWASSET RIVER AT PLYMOUTH, NH","ST","USGS",-71.68563370,43.75923880,"http://waterdata.usgs.gov/nwis/inventory?agency_code=USGS&site_no=01076500"
"01077400","COCKERMOUTH RIVER BELOW HARDY BROOK, AT GROTON, NH","ST","USGS",-71.83333330,43.70388889,"http://waterdata.usgs.gov/nwis/inventory?agency_code=USGS&site_no=01077400"
"01078000","SMITH RIVER NEAR BRISTOL, NH","ST","USGS",-71.74785700,43.56646307,"http://waterdata.usgs.gov/nwis/inventory?agency_code=USGS&site_no=01078000"
"01081000","WINNIPESAUKEE RIVER AT TILTON, NH","ST","USGS",-71.58757520,43.44174376,"http://waterdata.usgs.gov/nwis/inventory?agency_code=USGS&site_no=01081000"
"01081500","MERRIMACK RIVER AT FRANKLIN JUNCTION, NH","ST","USGS",-71.65285430,43.42285456,"http://waterdata.usgs.gov/nwis/inventory?agency_code=USGS&site_no=01081500"
"01082000","CONTOOCOOK RIVER AT PETERBOROUGH, NH","ST","USGS",-71.95924609,42.86258370,"http://waterdata.usgs.gov/nwis/inventory?agency_code=USGS&site_no=01082000"
"01083000","NUBANUSIT BK BLW MACDOWELL DAM NR PETERBOROUGH NH","ST","USGS",-71.98674690,42.89286070,"http://waterdata.usgs.gov/nwis/inventory?agency_code=USGS&site_no=01083000"
"01085000","CONTOOCOOK RIVER NEAR HENNIKER, NH","ST","USGS",-71.85730149,43.15202370,"http://waterdata.usgs.gov/nwis/inventory?agency_code=USGS&site_no=01085000"
"01085500","CONTOOCOOK R BL HOPKINTON DAM AT W HOPKINTON, NH","ST","USGS",-71.74729950,43.19285690,"http://waterdata.usgs.gov/nwis/inventory?agency_code=USGS&site_no=01085500"
"01086000","WARNER RIVER AT DAVISVILLE, NH","ST","USGS",-71.73229960,43.25091159,"http://waterdata.usgs.gov/nwis/inventory?agency_code=USGS&site_no=01086000"
"01087000","BLACKWATER RIVER NEAR WEBSTER, NH","ST","USGS",-71.69452120,43.29702250,"http://waterdata.usgs.gov/nwis/inventory?agency_code=USGS&site_no=01087000"
"01087850","CONTOOCOOK RIVER AT RIVER HILL, NEAR PENACOOK, NH","ST","USGS",-71.61951889,43.24980178,"http://waterdata.usgs.gov/nwis/inventory?agency_code=USGS&site_no=01087850"
"01088400","MERRIMACK RIVER AT CONCORD, NH","ST","USGS",-71.53034940,43.20896997,"http://waterdata.usgs.gov/nwis/inventory?agency_code=USGS&site_no=01088400"
"01089100","SOUCOOK RIVER, AT PEMBROKE ROAD, NEAR CONCORD, NH","ST","USGS",-71.48034810,43.21369248,"http://waterdata.usgs.gov/nwis/inventory?agency_code=USGS&site_no=01089100"
"01089500","SUNCOOK RIVER AT NORTH CHICHESTER, NH","ST","USGS",-71.36951248,43.25674759,"http://waterdata.usgs.gov/nwis/inventory?agency_code=USGS&site_no=01089500"
"01089925","SUNCOOK RIVER AT NH 28, NEAR SUNCOOK, NH","ST","USGS",-71.40590110,43.15980438,"http://waterdata.usgs.gov/nwis/inventory?agency_code=USGS&site_no=01089925"
"01090800","PISCATAQUOG RIVER BL EVERETT DAM, NR E WEARE, NH","ST","USGS",-71.65951820,43.09147050,"http://waterdata.usgs.gov/nwis/inventory?agency_code=USGS&site_no=01090800"
"01091000","SOUTH BRANCH PISCATAQUOG RIVER NEAR GOFFSTOWN, NH","ST","USGS",-71.64146129,43.01480519,"http://waterdata.usgs.gov/nwis/inventory?agency_code=USGS&site_no=01091000"
"01091500","PISCATAQUOG RIVER NEAR GOFFSTOWN, NH","ST","USGS",-71.55062520,43.01675000,"http://waterdata.usgs.gov/nwis/inventory?agency_code=USGS&site_no=01091500"
"01092000","MERRIMACK R NR GOFFS FALLS, BELOW MANCHESTER, NH","ST","USGS",-71.46340020,42.94814050,"http://waterdata.usgs.gov/nwis/inventory?agency_code=USGS&site_no=01092000"
"01093852","SOUHEGAN RIVER (SITE WLR-1) NEAR MILFORD, NH","ST","USGS",-71.70673990,42.84258580,"http://waterdata.usgs.gov/nwis/inventory?agency_code=USGS&site_no=01093852"
"01094000","SOUHEGAN RIVER AT MERRIMACK, NH","ST","USGS",-71.50617850,42.85758650,"http://waterdata.usgs.gov/nwis/inventory?agency_code=USGS&site_no=01094000"
"01096000","SQUANNACOOK RIVER NEAR WEST GROTON, MA","ST","USGS",-71.65784790,42.63425619,"http://waterdata.usgs.gov/nwis/inventory?agency_code=USGS&site_no=01096000"
"01096500","NASHUA RIVER AT EAST PEPPERELL, MA","ST","USGS",-71.57506809,42.66758945,"http://waterdata.usgs.gov/nwis/inventory?agency_code=USGS&site_no=01096500"
"010965852","BEAVER BROOK AT NORTH PELHAM, NH","ST","USGS",-71.35367448,42.78286636,"http://waterdata.usgs.gov/nwis/inventory?agency_code=USGS&site_no=010965852"
"01100505","SPICKET RIVER AT NORTH SALEM, NH","ST","USGS",-71.21506070,42.84925470,"http://waterdata.usgs.gov/nwis/inventory?agency_code=USGS&site_no=01100505"
"01100561","SPICKET RIVER NEAR METHUEN, MA","ST","USGS",-71.20839300,42.74314560,"http://waterdata.usgs.gov/nwis/inventory?agency_code=USGS&site_no=01100561"
"01129200","CONNECTICUT R BELOW INDIAN STREAM NR PITTSBURG, NH","ST","USGS",-71.44397040,45.04032368,"http://waterdata.usgs.gov/nwis/inventory?agency_code=USGS&site_no=01129200"
"01129500","CONNECTICUT RIVER AT NORTH STRATFORD, NH","ST","USGS",-71.63120018,44.74977166,"http://waterdata.usgs.gov/nwis/inventory?agency_code=USGS&site_no=01129500"
"01130000","UPPER AMMONOOSUC RIVER NEAR GROVETON, NH","ST","USGS",-71.46897210,44.62505316,"http://waterdata.usgs.gov/nwis/inventory?agency_code=USGS&site_no=01130000"
"01131500","CONNECTICUT RIVER NEAR DALTON, NH","ST","USGS",-71.72064380,44.41005910,"http://waterdata.usgs.gov/nwis/inventory?agency_code=USGS&site_no=01131500"
"01133000","EAST BRANCH PASSUMPSIC RIVER NEAR EAST HAVEN, VT","ST","USGS",-71.89759420,44.63394195,"http://waterdata.usgs.gov/nwis/inventory?agency_code=USGS&site_no=01133000"
"01134500","MOOSE RIVER AT VICTORY, VT","ST","USGS",-71.83731430,44.51172310,"http://waterdata.usgs.gov/nwis/inventory?agency_code=USGS&site_no=01134500"
"01135150","POPE BROOK (SITE W-3) NEAR NORTH DANVILLE, VT","ST","USGS",-72.12454310,44.47616707,"http://waterdata.usgs.gov/nwis/inventory?agency_code=USGS&site_no=01135150"
"01135300","SLEEPERS RIVER (SITE W-5) NEAR ST. JOHNSBURY, VT","ST","USGS",-72.03842899,44.43533530,"http://waterdata.usgs.gov/nwis/inventory?agency_code=USGS&site_no=01135300"
"01135500","PASSUMPSIC RIVER AT PASSUMPSIC, VT","ST","USGS",-72.03926130,44.36561470,"http://waterdata.usgs.gov/nwis/inventory?agency_code=USGS&site_no=01135500"
"01137500","AMMONOOSUC RIVER AT BETHLEHEM JUNCTION, NH","ST","USGS",-71.63036170,44.26867410,"http://waterdata.usgs.gov/nwis/inventory?agency_code=USGS&site_no=01137500"
"01138500","CONNECTICUT RIVER AT WELLS RIVER, VT","ST","USGS",-72.04175770,44.15339689,"http://waterdata.usgs.gov/nwis/inventory?agency_code=USGS&site_no=01138500"
"01139000","WELLS RIVER AT WELLS RIVER, VT","ST","USGS",-72.06509150,44.15034130,"http://waterdata.usgs.gov/nwis/inventory?agency_code=USGS&site_no=01139000"
"01139800","EAST ORANGE BRANCH AT EAST ORANGE, VT","ST","USGS",-72.33565327,44.09284190,"http://waterdata.usgs.gov/nwis/inventory?agency_code=USGS&site_no=01139800"
"01141500","OMPOMPANOOSUC RIVER AT UNION VILLAGE, VT","ST","USGS",-72.25481300,43.79006996,"http://waterdata.usgs.gov/nwis/inventory?agency_code=USGS&site_no=01141500"
"01142500","AYERS BROOK AT RANDOLPH, VT","ST","USGS",-72.65788210,43.93450969,"http://waterdata.usgs.gov/nwis/inventory?agency_code=USGS&site_no=01142500"
"01144000","WHITE RIVER AT WEST HARTFORD, VT","ST","USGS",-72.41814900,43.71423614,"http://waterdata.usgs.gov/nwis/inventory?agency_code=USGS&site_no=01144000"
"01144500","CONNECTICUT RIVER AT WEST LEBANON, NH","ST","USGS",-72.31231340,43.64618187,"http://waterdata.usgs.gov/nwis/inventory?agency_code=USGS&site_no=01144500"
"01150900","OTTAUQUECHEE RIVER NEAR WEST BRIDGEWATER, VT","ST","USGS",-72.75898990,43.62229069,"http://waterdata.usgs.gov/nwis/inventory?agency_code=USGS&site_no=01150900"
"01151500","OTTAUQUECHEE RIVER AT NORTH HARTLAND, VT","ST","USGS",-72.35425819,43.60257077,"http://waterdata.usgs.gov/nwis/inventory?agency_code=USGS&site_no=01151500"
"01152500","SUGAR RIVER AT WEST CLAREMONT, NH","ST","USGS",-72.36203409,43.38757327,"http://waterdata.usgs.gov/nwis/inventory?agency_code=USGS&site_no=01152500"
"01153000","BLACK RIVER AT NORTH SPRINGFIELD, VT","ST","USGS",-72.51481258,43.33340716,"http://waterdata.usgs.gov/nwis/inventory?agency_code=USGS&site_no=01153000"
"01153550","WILLIAMS RIVER NEAR ROCKINGHAM VT","ST","USGS",-72.48508889,43.19174330,"http://waterdata.usgs.gov/nwis/inventory?agency_code=USGS&site_no=01153550"
"01154000","SAXTONS RIVER AT SAXTONS RIVER, VT","ST","USGS",-72.48814440,43.13757777,"http://waterdata.usgs.gov/nwis/inventory?agency_code=USGS&site_no=01154000"
"01154500","CONNECTICUT RIVER AT NORTH WALPOLE, NH","ST","USGS",-72.43675490,43.12618905,"http://waterdata.usgs.gov/nwis/inventory?agency_code=USGS&site_no=01154500"
"01154950","COLD RIVER AT HIGH STREET, AT ALSTEAD, NH","ST","USGS",-72.36166670,43.14944444,"http://waterdata.usgs.gov/nwis/inventory?agency_code=USGS&site_no=01154950"
"01155349","WEST RIVER BELOW WINHALL RIVER, NEAR JAMAICA, VT","ST","USGS",-72.79777778,43.15694444,"http://waterdata.usgs.gov/nwis/inventory?agency_code=USGS&site_no=01155349"
"01155500","WEST RIVER AT JAMAICA, VT","ST","USGS",-72.77537400,43.10896650,"http://waterdata.usgs.gov/nwis/inventory?agency_code=USGS&site_no=01155500"
"01155910","WEST RIVER BELOW TOWNSHEND DAM NEAR TOWNSHEND, VT","ST","USGS",-72.70009390,43.05119010,"http://waterdata.usgs.gov/nwis/inventory?agency_code=USGS&site_no=01155910"
"01157000","ASHUELOT RIVER NEAR GILSUM, NH","ST","USGS",-72.27008580,43.03924586,"http://waterdata.usgs.gov/nwis/inventory?agency_code=USGS&site_no=01157000"
"01158000","ASHUELOT RIVER BELOW SURRY MT DAM, NEAR KEENE, NH","ST","USGS",-72.31119719,42.99480230,"http://waterdata.usgs.gov/nwis/inventory?agency_code=USGS&site_no=01158000"
"01158110","ASHUELOT RIVER ABOVE THE BRANCH, AT KEENE, NH","ST","USGS",-72.27925200,42.91924780,"http://waterdata.usgs.gov/nwis/inventory?agency_code=USGS&site_no=01158110"
"01158600","OTTER BROOK BELOW OTTER BROOK DAM, NEAR KEENE, NH","ST","USGS",-72.23675140,42.94591409,"http://waterdata.usgs.gov/nwis/inventory?agency_code=USGS&site_no=01158600"
"01160350","ASHUELOT RIVER AT WEST SWANZEY, NH","ST","USGS",-72.32814150,42.87008189,"http://waterdata.usgs.gov/nwis/inventory?agency_code=USGS&site_no=01160350"
"01161000","ASHUELOT RIVER AT HINSDALE, NH","ST","USGS",-72.48619960,42.78591586,"http://waterdata.usgs.gov/nwis/inventory?agency_code=USGS&site_no=01161000"
"01162000","MILLERS RIVER NEAR WINCHENDON, MA","ST","USGS",-72.08341388,42.68425270,"http://waterdata.usgs.gov/nwis/inventory?agency_code=USGS&site_no=01162000"
"01162500","PRIEST BROOK NEAR WINCHENDON, MA","ST","USGS",-72.11508120,42.68258590,"http://waterdata.usgs.gov/nwis/inventory?agency_code=USGS&site_no=01162500"
"01163200","OTTER RIVER AT OTTER RIVER, MA","ST","USGS",-72.04091198,42.58842124,"http://waterdata.usgs.gov/nwis/inventory?agency_code=USGS&site_no=01163200"
"01334000","WALLOOMSAC RIVER NEAR NORTH BENNINGTON, VT","ST","USGS",-73.25649810,42.91285604,"http://waterdata.usgs.gov/nwis/inventory?agency_code=USGS&site_no=01334000"
"04279490","LAKE BOMOSEEN AT OUTLET, NEAR FAIR HAVEN, VT","LK","USGS",-73.23316600,43.60506656,"http://waterdata.usgs.gov/nwis/inventory?agency_code=USGS&site_no=04279490"
"04280000","POULTNEY RIVER BELOW FAIR HAVEN, VT","ST","USGS",-73.31150110,43.62423240,"http://waterdata.usgs.gov/nwis/inventory?agency_code=USGS&site_no=04280000"
"04282000","OTTER CREEK AT CENTER RUTLAND, VT","ST","USGS",-73.01316280,43.60367920,"http://waterdata.usgs.gov/nwis/inventory?agency_code=USGS&site_no=04282000"
"04282500","OTTER CREEK AT MIDDLEBURY, VT","ST","USGS",-73.16789540,44.01311488,"http://waterdata.usgs.gov/nwis/inventory?agency_code=USGS&site_no=04282500"
"04282525","NEW HAVEN RIVER @ BROOKSVILLE, NR MIDDLEBURY, VT","ST","USGS",-73.17067429,44.06172490,"http://waterdata.usgs.gov/nwis/inventory?agency_code=USGS&site_no=04282525"
"04282650","LITTLE OTTER CREEK AT FERRISBURG, VT.","ST","USGS",-73.24901170,44.19810987,"http://waterdata.usgs.gov/nwis/inventory?agency_code=USGS&site_no=04282650"
"04282780","LEWIS CREEK AT NORTH FERRISBURG, VT.","ST","USGS",-73.22845688,44.24922015,"http://waterdata.usgs.gov/nwis/inventory?agency_code=USGS&site_no=04282780"
"04282795","LAPLATTE RIVER AT SHELBURNE FALLS, VT.","ST","USGS",-73.21623670,44.37005120,"http://waterdata.usgs.gov/nwis/inventory?agency_code=USGS&site_no=04282795"
"04283500","EAST BARRE DETENTION RESERVOIR AT EAST BARRE, VT","LK","USGS",-72.44454670,44.15506226,"http://waterdata.usgs.gov/nwis/inventory?agency_code=USGS&site_no=04283500"
"04284751","WINOOSKI R @ US2, BLW STEVENS BR, NR MONTPELIER VT","ST","USGS",-72.54888889,44.24555556,"http://waterdata.usgs.gov/nwis/inventory?agency_code=USGS&site_no=04284751"
"04285000","WRIGHTSVILLE DETENTION RESERVOIR @ WRIGHTSVILLE VT","LK","USGS",-72.57483240,44.31061360,"http://waterdata.usgs.gov/nwis/inventory?agency_code=USGS&site_no=04285000"
"04285500","NORTH BRANCH WINOOSKI RIVER AT WRIGHTSVILLE, VT","ST","USGS",-72.57872119,44.29950278,"http://waterdata.usgs.gov/nwis/inventory?agency_code=USGS&site_no=04285500"
"04285800","NORTH BRANCH WINOOSKI RIVER AT MONTPELIER, VT","ST","USGS",-72.57594250,44.26089260,"http://waterdata.usgs.gov/nwis/inventory?agency_code=USGS&site_no=04285800"
"04286000","WINOOSKI RIVER AT MONTPELIER, VT","ST","USGS",-72.59344318,44.25672595,"http://waterdata.usgs.gov/nwis/inventory?agency_code=USGS&site_no=04286000"
"04287000","DOG RIVER AT NORTHFIELD FALLS, VT","ST","USGS",-72.64066550,44.18256060,"http://waterdata.usgs.gov/nwis/inventory?agency_code=USGS&site_no=04287000"
"04288000","MAD RIVER NEAR MORETOWN, VT","ST","USGS",-72.74261630,44.27728020,"http://waterdata.usgs.gov/nwis/inventory?agency_code=USGS&site_no=04288000"
"04288040","WINOOSKI RIVER ABOVE CROSSETT BK AT WATERBURY,VT","ST","USGS",-72.74618060,44.32843610,"http://waterdata.usgs.gov/nwis/inventory?agency_code=USGS&site_no=04288040"
"04288225","W BRANCH LITTLE R ABV BINGHAM FALLS NEAR STOWE, VT","ST","USGS",-72.77178850,44.52338556,"http://waterdata.usgs.gov/nwis/inventory?agency_code=USGS&site_no=04288225"
"04288230","RANCH BROOK AT RANCH CAMP, NEAR STOWE, VT","ST","USGS",-72.78178830,44.50394130,"http://waterdata.usgs.gov/nwis/inventory?agency_code=USGS&site_no=04288230"
"04288500","WATERBURY RESERVOIR NEAR WATERBURY, VT","LK","USGS",-72.76984118,44.38172200,"http://waterdata.usgs.gov/nwis/inventory?agency_code=USGS&site_no=04288500"
"04289000","LITTLE RIVER NEAR WATERBURY, VT","ST","USGS",-72.76872980,44.37033339,"http://waterdata.usgs.gov/nwis/inventory?agency_code=USGS&site_no=04289000"
"04290335","ALLEN BROOK AT VT 2A, NEAR ESSEX JUNCTION, VT","ST","USGS",-73.11262640,44.46171705,"http://waterdata.usgs.gov/nwis/inventory?agency_code=USGS&site_no=04290335"
"04290500","WINOOSKI RIVER NEAR ESSEX JUNCTION, VT","ST","USGS",-73.13873810,44.47893867,"http://waterdata.usgs.gov/nwis/inventory?agency_code=USGS&site_no=04290500"
"04292000","LAMOILLE RIVER AT JOHNSON, VT","ST","USGS",-72.67623080,44.62282870,"http://waterdata.usgs.gov/nwis/inventory?agency_code=USGS&site_no=04292000"
"04292201","LAMOILLE RIVER AT JEFFERSONVILLE, VT","ST","USGS",-72.83611110,44.64416667,"http://waterdata.usgs.gov/nwis/inventory?agency_code=USGS&site_no=04292201"
"04292500","LAMOILLE RIVER AT EAST GEORGIA, VT","ST","USGS",-73.07263650,44.67921477,"http://waterdata.usgs.gov/nwis/inventory?agency_code=USGS&site_no=04292500"
"04292750","MILL RIVER AT GEORGIA SHORE RD, NR ST ALBANS, VT","ST","USGS",-73.14374670,44.77976740,"http://waterdata.usgs.gov/nwis/inventory?agency_code=USGS&site_no=04292750"
"04292795","STEVENS BROOK AT KELLOGG ROAD, NEAR ST. ALBANS, VT","ST","USGS",-73.10416670,44.84861110,"http://waterdata.usgs.gov/nwis/inventory?agency_code=USGS&site_no=04292795"
"04292810","JEWETT BROOK AT VT 38, NEAR ST. ALBANS, VT","ST","USGS",-73.15083330,44.85611110,"http://waterdata.usgs.gov/nwis/inventory?agency_code=USGS&site_no=04292810"
"04293000","MISSISQUOI RIVER NEAR NORTH TROY, VT","ST","USGS",-72.38538628,44.97282337,"http://waterdata.usgs.gov/nwis/inventory?agency_code=USGS&site_no=04293000"
"04293500","MISSISQUOI RIVER NEAR EAST BERKSHIRE, VT","ST","USGS",-72.69652100,44.96004599,"http://waterdata.usgs.gov/nwis/inventory?agency_code=USGS&site_no=04293500"
"04293900","HUNGERFORD BR @ HIGHGATE RD NR HIGHGATE CENTER, VT","ST","USGS",-73.05555560,44.91833330,"http://waterdata.usgs.gov/nwis/inventory?agency_code=USGS&site_no=04293900"
"04294000","MISSISQUOI RIVER AT SWANTON, VT","ST","USGS",-73.12846450,44.91670937,"http://waterdata.usgs.gov/nwis/inventory?agency_code=USGS&site_no=04294000"
"04294140","ROCK RIVER NEAR HIGHGATE CENTER, VT","ST","USGS",-72.99194440,44.96305556,"http://waterdata.usgs.gov/nwis/inventory?agency_code=USGS&site_no=04294140"
"04294300","PIKE RIVER AT EAST FRANKLIN, NR ENOSBURG FALLS, VT","ST","USGS",-72.83346858,45.00282217,"http://waterdata.usgs.gov/nwis/inventory?agency_code=USGS&site_no=04294300"
"04294500","LAKE CHAMPLAIN AT BURLINGTON, VT","LK","USGS",-73.22151660,44.47616017,"http://waterdata.usgs.gov/nwis/inventory?agency_code=USGS&site_no=04294500"
"04295500","LAKE MEMPHREMAGOG AT NEWPORT, VT","LK","USGS",-72.20621330,44.93782448,"http://waterdata.usgs.gov/nwis/inventory?agency_code=USGS&site_no=04295500"
"04296000","BLACK RIVER AT COVENTRY, VT","ST","USGS",-72.27010410,44.86893630,"http://waterdata.usgs.gov/nwis/inventory?agency_code=USGS&site_no=04296000"
"04296280","BARTON RIVER NEAR COVENTRY, VT","ST","USGS",-72.20055560,44.87138889,"http://waterdata.usgs.gov/nwis/inventory?agency_code=USGS&site_no=04296280"
"04296500","CLYDE RIVER AT NEWPORT, VT","ST","USGS",-72.18926840,44.94032449,"http://waterdata.usgs.gov/nwis/inventory?agency_code=USGS&site_no=04296500"
