SiteNumber, SiteName, SiteCategory, SiteAgency, SiteLongitude, SiteLatitude, SiteNWISURL
"01010000","St. John River at Ninemile Bridge, Maine","ST","USGS",-69.71555560,46.70055556,"http://waterdata.usgs.gov/nwis/inventory?agency_code=USGS&site_no=01010000"
"01010070","Big Black River near Depot Mtn, Maine","ST","USGS",-69.75166670,46.89388889,"http://waterdata.usgs.gov/nwis/inventory?agency_code=USGS&site_no=01010070"
"01010500","St. John River at Dickey, Maine","ST","USGS",-69.08805560,47.11305556,"http://waterdata.usgs.gov/nwis/inventory?agency_code=USGS&site_no=01010500"
"01011000","Allagash River near Allagash, Maine","ST","USGS",-69.07944440,47.06972220,"http://waterdata.usgs.gov/nwis/inventory?agency_code=USGS&site_no=01011000"
"01011500","St. Francis River near Connors, New Brunswick","ST","USGS",-68.95642810,47.20697926,"http://waterdata.usgs.gov/nwis/inventory?agency_code=USGS&site_no=01011500"
"01013500","Fish River near Fort Kent, Maine","ST","USGS",-68.58277778,47.23750000,"http://waterdata.usgs.gov/nwis/inventory?agency_code=USGS&site_no=01013500"
"01014000","St. John River below Fish R, nr Fort Kent, Maine","ST","USGS",-68.58527778,47.28333330,"http://waterdata.usgs.gov/nwis/inventory?agency_code=USGS&site_no=01014000"
"01015800","Aroostook River near Masardis, Maine","ST","USGS",-68.37166670,46.52305556,"http://waterdata.usgs.gov/nwis/inventory?agency_code=USGS&site_no=01015800"
"01017000","Aroostook River at Washburn, Maine","ST","USGS",-68.15722220,46.77722220,"http://waterdata.usgs.gov/nwis/inventory?agency_code=USGS&site_no=01017000"
"01017060","Hardwood Brook below Glidden Brk nr Caribou, Maine","ST","USGS",-67.98916670,46.78361110,"http://waterdata.usgs.gov/nwis/inventory?agency_code=USGS&site_no=01017060"
"01017290","Little Madawaska River at Caribou, Maine","ST","USGS",-67.94500000,46.88861110,"http://waterdata.usgs.gov/nwis/inventory?agency_code=USGS&site_no=01017290"
"01017550","Williams Brook at Phair, Maine","ST","USGS",-67.95305560,46.62805556,"http://waterdata.usgs.gov/nwis/inventory?agency_code=USGS&site_no=01017550"
"01017960","Meduxnekeag R above S Br Medux. R nr Houlton, ME","ST","USGS",-67.88138889,46.10500000,"http://waterdata.usgs.gov/nwis/inventory?agency_code=USGS&site_no=01017960"
"01018000","Meduxnekeag River near Houlton, Maine","ST","USGS",-67.86666670,46.10500000,"http://waterdata.usgs.gov/nwis/inventory?agency_code=USGS&site_no=01018000"
"01018009","Pearce Brook at Route 1 at Houlton, Maine","ST","USGS",-67.84027778,46.11527778,"http://waterdata.usgs.gov/nwis/inventory?agency_code=USGS&site_no=01018009"
"01018035","Meduxnekeag River at Lowery Rd. nr Houlton, Maine","ST","USGS",-67.80388889,46.18111110,"http://waterdata.usgs.gov/nwis/inventory?agency_code=USGS&site_no=01018035"
"01018500","St. Croix River at Vanceboro, Maine","ST","USGS",-67.42833330,45.56833330,"http://waterdata.usgs.gov/nwis/inventory?agency_code=USGS&site_no=01018500"
"01019000","Grand Lake Stream at Grand Lake Stream, Maine","ST","USGS",-67.76888889,45.17250000,"http://waterdata.usgs.gov/nwis/inventory?agency_code=USGS&site_no=01019000"
"01021000","St. Croix River at Baring, Maine","ST","USGS",-67.31805560,45.13694440,"http://waterdata.usgs.gov/nwis/inventory?agency_code=USGS&site_no=01021000"
"01021470","Libby Brook near Northfield, Maine","ST","USGS",-67.72500000,44.80083330,"http://waterdata.usgs.gov/nwis/inventory?agency_code=USGS&site_no=01021470"
"01021480","Old Stream near Wesley, Maine","ST","USGS",-67.73611110,44.93694440,"http://waterdata.usgs.gov/nwis/inventory?agency_code=USGS&site_no=01021480"
"01022294","East Br Bear Brook near Beddington, Maine","ST","USGS",-68.10396389,44.85909167,"http://waterdata.usgs.gov/nwis/inventory?agency_code=USGS&site_no=01022294"
"01022500","Narraguagus River at Cherryfield, Maine","ST","USGS",-67.93527778,44.60805556,"http://waterdata.usgs.gov/nwis/inventory?agency_code=USGS&site_no=01022500"
"01022840","Otter Creek near Bar Harbor, Maine","ST","USGS",-68.20666670,44.33277778,"http://waterdata.usgs.gov/nwis/inventory?agency_code=USGS&site_no=01022840"
"01027200","North Branch Penobscot River nr Pittston Farm, ME","ST","USGS",-69.99361110,45.93527778,"http://waterdata.usgs.gov/nwis/inventory?agency_code=USGS&site_no=01027200"
"01029200","Seboeis River near Shin Pond, Maine","ST","USGS",-68.63361110,46.14305556,"http://waterdata.usgs.gov/nwis/inventory?agency_code=USGS&site_no=01029200"
"01029500","East Branch Penobscot River at Grindstone, Maine","ST","USGS",-68.58944440,45.73027778,"http://waterdata.usgs.gov/nwis/inventory?agency_code=USGS&site_no=01029500"
"01030350","Wytopitlock Stream near Wytopitlock Maine","ST","USGS",-68.15805560,45.70861110,"http://waterdata.usgs.gov/nwis/inventory?agency_code=USGS&site_no=01030350"
"01030500","Mattawamkeag River near Mattawamkeag, Maine","ST","USGS",-68.30583330,45.50111110,"http://waterdata.usgs.gov/nwis/inventory?agency_code=USGS&site_no=01030500"
"01031300","Piscataquis River at Blanchard, Maine","ST","USGS",-69.58388889,45.26722220,"http://waterdata.usgs.gov/nwis/inventory?agency_code=USGS&site_no=01031300"
"01031450","Kingsbury Stream at Abbot Village, Maine","ST","USGS",-69.45222220,45.18444440,"http://waterdata.usgs.gov/nwis/inventory?agency_code=USGS&site_no=01031450"
"01031500","Piscataquis River near Dover-Foxcroft, Maine","ST","USGS",-69.31472220,45.17500000,"http://waterdata.usgs.gov/nwis/inventory?agency_code=USGS&site_no=01031500"
"01031510","Black Stream near Dover-Foxcroft, Maine","ST","USGS",-69.23638889,45.15027778,"http://waterdata.usgs.gov/nwis/inventory?agency_code=USGS&site_no=01031510"
"01034000","Piscataquis River at Medford, Maine","ST","USGS",-68.86861110,45.26055556,"http://waterdata.usgs.gov/nwis/inventory?agency_code=USGS&site_no=01034000"
"01034500","Penobscot River at West Enfield, Maine","ST","USGS",-68.65138889,45.23611110,"http://waterdata.usgs.gov/nwis/inventory?agency_code=USGS&site_no=01034500"
"01036390","Penobscot River at Eddington, Maine","ST","USGS",-68.69666670,44.82666667,"http://waterdata.usgs.gov/nwis/inventory?agency_code=USGS&site_no=01036390"
"01037000","Kenduskeag Stream near Bangor, Maine","ST","USGS",-68.83166670,44.86111110,"http://waterdata.usgs.gov/nwis/inventory?agency_code=USGS&site_no=01037000"
"01037050","Penobscot River at Bangor, Maine","ST-TS","USGS",-68.76777778,44.79638889,"http://waterdata.usgs.gov/nwis/inventory?agency_code=USGS&site_no=01037050"
"01037380","Ducktrap River near Lincolnville, Maine","ST","USGS",-69.06083330,44.32916667,"http://waterdata.usgs.gov/nwis/inventory?agency_code=USGS&site_no=01037380"
"01038000","Sheepscot River at North Whitefield, Maine","ST","USGS",-69.59388889,44.22277778,"http://waterdata.usgs.gov/nwis/inventory?agency_code=USGS&site_no=01038000"
"01042500","Kennebec River at The Forks, Maine","ST","USGS",-69.96194440,45.33972220,"http://waterdata.usgs.gov/nwis/inventory?agency_code=USGS&site_no=01042500"
"01044550","Spencer Stream near Grand Falls, Maine","ST","USGS",-70.24166670,45.31361110,"http://waterdata.usgs.gov/nwis/inventory?agency_code=USGS&site_no=01044550"
"01046000","Austin Stream at Bingham, Maine","ST","USGS",-69.88055560,45.06444440,"http://waterdata.usgs.gov/nwis/inventory?agency_code=USGS&site_no=01046000"
"01046500","Kennebec River at Bingham, Maine","ST","USGS",-69.88555560,45.05194440,"http://waterdata.usgs.gov/nwis/inventory?agency_code=USGS&site_no=01046500"
"01047000","Carrabassett River near North Anson, Maine","ST","USGS",-69.95500000,44.86916667,"http://waterdata.usgs.gov/nwis/inventory?agency_code=USGS&site_no=01047000"
"01047150","Kennebec River near Madison, Maine","ST","USGS",-69.88694440,44.77888889,"http://waterdata.usgs.gov/nwis/inventory?agency_code=USGS&site_no=01047150"
"01047200","Sandy River near Madrid, Maine","ST","USGS",-70.48527778,44.85777778,"http://waterdata.usgs.gov/nwis/inventory?agency_code=USGS&site_no=01047200"
"01048000","Sandy River near Mercer, Maine","ST","USGS",-69.93750000,44.70805556,"http://waterdata.usgs.gov/nwis/inventory?agency_code=USGS&site_no=01048000"
"01048220","East Branch Wesserunsett Stream near Athens, Maine","ST","USGS",-69.65694440,44.94750000,"http://waterdata.usgs.gov/nwis/inventory?agency_code=USGS&site_no=01048220"
"01049000","Sebasticook River near Pittsfield, Maine","ST","USGS",-69.41388889,44.71666667,"http://waterdata.usgs.gov/nwis/inventory?agency_code=USGS&site_no=01049000"
"01049265","Kennebec River at North Sidney, Maine","ST","USGS",-69.68388889,44.47222220,"http://waterdata.usgs.gov/nwis/inventory?agency_code=USGS&site_no=01049265"
"01049320","Kennebec River at Calumet Bridge at Augusta, Maine","ST-TS","USGS",-69.77166670,44.31861110,"http://waterdata.usgs.gov/nwis/inventory?agency_code=USGS&site_no=01049320"
"01049500","Cobbosseecontee Stream at Gardiner, Maine","ST","USGS",-69.77805560,44.22916667,"http://waterdata.usgs.gov/nwis/inventory?agency_code=USGS&site_no=01049500"
"01049505","Kennebec River at Gardiner, Maine","ST-TS","USGS",-69.76944440,44.23027778,"http://waterdata.usgs.gov/nwis/inventory?agency_code=USGS&site_no=01049505"
"01052500","Diamond River near Wentworth Location, NH","ST","USGS",-71.05750000,44.87750000,"http://waterdata.usgs.gov/nwis/inventory?agency_code=USGS&site_no=01052500"
"01053500","Androscoggin River at Errol, NH","ST","USGS",-71.12861110,44.78250000,"http://waterdata.usgs.gov/nwis/inventory?agency_code=USGS&site_no=01053500"
"01053600","Androscoggin River below Bog Brook at Cambridge NH","ST","USGS",-71.18138889,44.66611110,"http://waterdata.usgs.gov/nwis/inventory?agency_code=USGS&site_no=01053600"
"01054000","Androscoggin River near Gorham, NH","ST","USGS",-71.19027778,44.43583330,"http://waterdata.usgs.gov/nwis/inventory?agency_code=USGS&site_no=01054000"
"01054114","Peabody River at Gorham, New Hampshire","ST","USGS",-71.17065560,44.38131944,"http://waterdata.usgs.gov/nwis/inventory?agency_code=USGS&site_no=01054114"
"01054200","Wild River at Gilead, Maine","ST","USGS",-70.97972220,44.39055556,"http://waterdata.usgs.gov/nwis/inventory?agency_code=USGS&site_no=01054200"
"01054300","Ellis River at South Andover, Maine","ST","USGS",-70.73305560,44.59333330,"http://waterdata.usgs.gov/nwis/inventory?agency_code=USGS&site_no=01054300"
"01054500","Androscoggin River at Rumford, Maine","ST","USGS",-70.54416670,44.55194440,"http://waterdata.usgs.gov/nwis/inventory?agency_code=USGS&site_no=01054500"
"01055000","Swift River near Roxbury, Maine","ST","USGS",-70.58888889,44.64277778,"http://waterdata.usgs.gov/nwis/inventory?agency_code=USGS&site_no=01055000"
"01055220","Dead River at Leeds, Maine","ST","USGS",-70.12222220,44.31805556,"http://waterdata.usgs.gov/nwis/inventory?agency_code=USGS&site_no=01055220"
"01055500","Nezinscot River at Turner Center, Maine","ST","USGS",-70.22972220,44.26944444,"http://waterdata.usgs.gov/nwis/inventory?agency_code=USGS&site_no=01055500"
"01057000","Little Androscoggin River near South Paris, Maine","ST","USGS",-70.53972220,44.30388889,"http://waterdata.usgs.gov/nwis/inventory?agency_code=USGS&site_no=01057000"
"01059000","Androscoggin River near Auburn, Maine","ST","USGS",-70.20805560,44.07222220,"http://waterdata.usgs.gov/nwis/inventory?agency_code=USGS&site_no=01059000"
"01063310","Stony Brook at East Sebago, Maine","ST","USGS",-70.63972220,43.85555556,"http://waterdata.usgs.gov/nwis/inventory?agency_code=USGS&site_no=01063310"
"01064118","Presumpscot River at Westbrook, Maine","ST","USGS",-70.34722220,43.68694444,"http://waterdata.usgs.gov/nwis/inventory?agency_code=USGS&site_no=01064118"
"01064500","Saco River near Conway, NH","ST","USGS",-71.09055560,43.99083330,"http://waterdata.usgs.gov/nwis/inventory?agency_code=USGS&site_no=01064500"
"01066000","Saco River at Cornish, Maine","ST","USGS",-70.78166670,43.80805556,"http://waterdata.usgs.gov/nwis/inventory?agency_code=USGS&site_no=01066000"
"01067950","Kennebunk River near Kennebunk, Maine","ST","USGS",-70.55333330,43.43222220,"http://waterdata.usgs.gov/nwis/inventory?agency_code=USGS&site_no=01067950"
"01068910","Mousam River at Route 4 near Sanford, Maine","ST","USGS",-70.73805560,43.41833330,"http://waterdata.usgs.gov/nwis/inventory?agency_code=USGS&site_no=01068910"
"01069500","Mousam River near West Kennebunk, Maine","ST","USGS",-70.65833330,43.41833330,"http://waterdata.usgs.gov/nwis/inventory?agency_code=USGS&site_no=01069500"
"01069700","Branch Brook near Kennebunk, Maine","ST","USGS",-70.58333330,43.37916667,"http://waterdata.usgs.gov/nwis/inventory?agency_code=USGS&site_no=01069700"
