SiteNumber, SiteName, SiteCategory, SiteAgency, SiteLongitude, SiteLatitude, SiteNWISURL
"02231254","ST MARY'S RIVER AT I-95, NEAR KINGSLAND, GA","ST-TS","USGS",-81.65426830,30.74412400,"http://waterdata.usgs.gov/nwis/inventory?agency_code=USGS&site_no=02231254"
"02237000","PALATLAKAHA RIVER NEAR MASCOTTE, FL","ST","USGS",-81.86452290,28.61583010,"http://waterdata.usgs.gov/nwis/inventory?agency_code=USGS&site_no=02237000"
"02237293","PALATLAKAHA R AT STRUCTURE M-1, NR OKAHUMPKA, FL","ST","USGS",-81.87257980,28.74443640,"http://waterdata.usgs.gov/nwis/inventory?agency_code=USGS&site_no=02237293"
"02299450","BIG SLOUGH AT TROPICAIRE BLVD NEAR NORTH PORT FL","ST","USGS",-82.19342390,27.12116517,"http://waterdata.usgs.gov/nwis/inventory?agency_code=USGS&site_no=02299450"
"02299484","BIG SLOUGH AT WCS-101 AT NORTH PORT FL","ST","USGS",-82.23786980,27.04700165,"http://waterdata.usgs.gov/nwis/inventory?agency_code=USGS&site_no=02299484"
"02299950","MANATEE RIVER NEAR MYAKKA HEAD FL","ST","USGS",-82.21120100,27.47365137,"http://waterdata.usgs.gov/nwis/inventory?agency_code=USGS&site_no=02299950"
"02300033","BRADEN RIV AT LAKEWOOD RANCH NR LORRAINE FL","ST","USGS",-82.42611110,27.42055556,"http://waterdata.usgs.gov/nwis/inventory?agency_code=USGS&site_no=02300033"
"02300042","WARD LAKE NEAR BRADENTON FL","LK","USGS",-82.48759580,27.44143074,"http://waterdata.usgs.gov/nwis/inventory?agency_code=USGS&site_no=02300042"
"02300500","LITTLE MANATEE RIVER NEAR WIMAUMA FL","ST","USGS",-82.35259250,27.67114344,"http://waterdata.usgs.gov/nwis/inventory?agency_code=USGS&site_no=02300500"
"02301150","SOUTH PRONG ALAFIA RIVER NEAR FT LONESOME FL","ST","USGS",-82.07427780,27.72930556,"http://waterdata.usgs.gov/nwis/inventory?agency_code=USGS&site_no=02301150"
"02301500","ALAFIA RIVER AT LITHIA FL","ST","USGS",-82.21120080,27.87224800,"http://waterdata.usgs.gov/nwis/inventory?agency_code=USGS&site_no=02301500"
"02301740","NORTH ARCHIE CREEK AT PROGRESS BLVD. NEAR TAMPA FL","ST","USGS",-82.34981470,27.89669080,"http://waterdata.usgs.gov/nwis/inventory?agency_code=USGS&site_no=02301740"
"02301750","DELANEY CREEK NEAR TAMPA FL","ST","USGS",-82.36425950,27.92585640,"http://waterdata.usgs.gov/nwis/inventory?agency_code=USGS&site_no=02301750"
"02302500","BLACKWATER CREEK NEAR KNIGHTS FL","ST","USGS",-82.15000000,28.13972220,"http://waterdata.usgs.gov/nwis/inventory?agency_code=USGS&site_no=02302500"
"02304500","HILLSBOROUGH RIVER NEAR TAMPA FL","ST","USGS",-82.42759390,28.02390784,"http://waterdata.usgs.gov/nwis/inventory?agency_code=USGS&site_no=02304500"
"02307032","DOUBLE BRANCH AT COUNTRY WAY BLVD NEAR OLDSMAR FL","ST","USGS",-82.62676490,28.05085070,"http://waterdata.usgs.gov/nwis/inventory?agency_code=USGS&site_no=02307032"
"02307498","LAKE TARPON CANAL AT S-551, NEAR OLDSMAR FL","ST-CA","USGS",-82.71093360,28.05362833,"http://waterdata.usgs.gov/nwis/inventory?agency_code=USGS&site_no=02307498"
"02307669","ALLIGATOR CREEK AT HIGHWAY 19 AT CLEARWATER FL","ST","USGS",-82.72944440,27.97319444,"http://waterdata.usgs.gov/nwis/inventory?agency_code=USGS&site_no=02307669"
"02307674","ALLIGATOR CREEK AT KAPOK PARK AT CLEARWATER FL","ST","USGS",-82.71315580,27.97550618,"http://waterdata.usgs.gov/nwis/inventory?agency_code=USGS&site_no=02307674"
"02307834","UPPER HIGHLANDS CANAL AT CONTROL NR PINELLAS PK FL","ST-CA","USGS",-82.68972220,27.87194444,"http://waterdata.usgs.gov/nwis/inventory?agency_code=USGS&site_no=02307834"
"02308870","PINEBROOK CN AT BRYAN DAIRY RD AT PINELLAS PARK FL","ST","USGS",-82.73704530,27.87224580,"http://waterdata.usgs.gov/nwis/inventory?agency_code=USGS&site_no=02308870"
"02308935","SAINT JOE CREEK AT PINELLAS PARK FL","ST","USGS",-82.69565540,27.81419235,"http://waterdata.usgs.gov/nwis/inventory?agency_code=USGS&site_no=02308935"
"02309110","MCKAY CREEK NEAR LARGO FL","ST","USGS",-82.81676970,27.90752187,"http://waterdata.usgs.gov/nwis/inventory?agency_code=USGS&site_no=02309110"
"02309415","CURLEW CREEK AT EVANS ROAD NEAR DUNEDIN FL","ST","USGS",-82.74065650,28.02335166,"http://waterdata.usgs.gov/nwis/inventory?agency_code=USGS&site_no=02309415"
"02309425","CURLEW CREEK AT COUNTY ROAD 1 NEAR OZONA FL","ST","USGS",-82.75871250,28.04696180,"http://waterdata.usgs.gov/nwis/inventory?agency_code=USGS&site_no=02309425"
"02357500","LAKE SEMINOLE NEAR CHATTAHOOCHEE, FL","LK","USGS",-84.86242070,30.70935834,"http://waterdata.usgs.gov/nwis/inventory?agency_code=USGS&site_no=02357500"
"02358000","APALACHICOLA RIVER AT CHATTAHOOCHEE FLA","ST","USGS",-84.85908710,30.70102510,"http://waterdata.usgs.gov/nwis/inventory?agency_code=USGS&site_no=02358000"
"02359000","CHIPOLA RIVER NR ALTHA, FLA.","ST","USGS",-85.16519960,30.53408319,"http://waterdata.usgs.gov/nwis/inventory?agency_code=USGS&site_no=02359000"
"02369600","YELLOW RIVER NR MILTON, FLA.","ST","USGS",-86.92357320,30.56963900,"http://waterdata.usgs.gov/nwis/inventory?agency_code=USGS&site_no=02369600"
"264438082033600","DURDEN CREEK AT CHARLOTTE NR CAPE CORAL, FL","ES","USGS",-82.06002780,26.74383333,"http://waterdata.usgs.gov/nwis/inventory?agency_code=USGS&site_no=264438082033600"
"275021082450500","CROSS BAYOU RAINFALL AT PARK BLVD NEAR LARGO FL","AT","USGS",-82.75121230,27.83946914,"http://waterdata.usgs.gov/nwis/inventory?agency_code=USGS&site_no=275021082450500"
"275917082222500","EAST LAKE RAINFALL AT ORIENT ROAD NEAR TAMPA FL","AT","USGS",-82.37342639,27.98835420,"http://waterdata.usgs.gov/nwis/inventory?agency_code=USGS&site_no=275917082222500"
"280353082283400","ROY HAYNES PARK RAINFALL NEAR SULPHUR SPRINGS FL","AT","USGS",-82.48737280,28.06226700,"http://waterdata.usgs.gov/nwis/inventory?agency_code=USGS&site_no=280353082283400"
"280842082392000","BROOKER CK PRESERVE RAINFALL NR TARPON SPRINGS FL","AT","USGS",-82.65558330,28.14483333,"http://waterdata.usgs.gov/nwis/inventory?agency_code=USGS&site_no=280842082392000"
"282406081093602","COCOA R WELL NEAR BITHLO, FL","GW","USGS",-81.15978770,28.40195076,"http://waterdata.usgs.gov/nwis/inventory?agency_code=USGS&site_no=282406081093602"
"284254081021000","ST JOHNS RV AB LK HARNEY RAIN GAGE NR GENEVA,FL","AT","USGS",-81.03589299,28.71527219,"http://waterdata.usgs.gov/nwis/inventory?agency_code=USGS&site_no=284254081021000"
"284759081232100","LAKE SYLVAN PARK RAINGAGE NEAR PAOLA, FL","AT","USGS",-81.38895690,28.79999288,"http://waterdata.usgs.gov/nwis/inventory?agency_code=USGS&site_no=284759081232100"
