SiteNumber, SiteName, SiteCategory, SiteAgency, SiteLongitude, SiteLatitude, SiteNWISURL
"03086500","Mahoning River at Alliance OH","ST","USGS",-81.09454130,40.93283615,"http://waterdata.usgs.gov/nwis/inventory?agency_code=USGS&site_no=03086500"
"03090500","Mahoning River bl Berlin Dam nr Berlin Center OH","ST","USGS",-81.00120320,41.04839120,"http://waterdata.usgs.gov/nwis/inventory?agency_code=USGS&site_no=03090500"
"03091500","Mahoning River at Pricetown OH","ST","USGS",-80.97120180,41.13144610,"http://waterdata.usgs.gov/nwis/inventory?agency_code=USGS&site_no=03091500"
"03092090","West Branch Mahoning River near Ravenna OH","ST","USGS",-81.19704530,41.16144549,"http://waterdata.usgs.gov/nwis/inventory?agency_code=USGS&site_no=03092090"
"03092460","West Branch Mahoning River at Wayland OH","ST","USGS",-81.07176210,41.15700127,"http://waterdata.usgs.gov/nwis/inventory?agency_code=USGS&site_no=03092460"
"03093000","Eagle Creek at Phalanx Station OH","ST","USGS",-80.95425690,41.26116735,"http://waterdata.usgs.gov/nwis/inventory?agency_code=USGS&site_no=03093000"
"03094000","Mahoning River at Leavittsburg OH","ST","USGS",-80.88064200,41.23922335,"http://waterdata.usgs.gov/nwis/inventory?agency_code=USGS&site_no=03094000"
"03094704","Mosquito Creek near Greene Center OH","ST","USGS",-80.74611110,41.48305556,"http://waterdata.usgs.gov/nwis/inventory?agency_code=USGS&site_no=03094704"
"03095500","Mosquito Creek bl Mosquito Ck Dam nr Cortland OH","ST","USGS",-80.75841410,41.29977898,"http://waterdata.usgs.gov/nwis/inventory?agency_code=USGS&site_no=03095500"
"03098600","Mahoning River below West Ave at Youngstown OH","ST","USGS",-80.66257550,41.10505807,"http://waterdata.usgs.gov/nwis/inventory?agency_code=USGS&site_no=03098600"
"03098700","Crab Creek at Youngstown OH","ST","USGS",-80.63535240,41.12228010,"http://waterdata.usgs.gov/nwis/inventory?agency_code=USGS&site_no=03098700"
"03099500","Mahoning River at Lowellville OH","ST","USGS",-80.53618150,41.03672598,"http://waterdata.usgs.gov/nwis/inventory?agency_code=USGS&site_no=03099500"
"03102950","Pymatuning Creek at Kinsman OH","ST","USGS",-80.58812999,41.44283235,"http://waterdata.usgs.gov/nwis/inventory?agency_code=USGS&site_no=03102950"
"03109500","Little Beaver Creek near East Liverpool OH","ST","USGS",-80.54062440,40.67589740,"http://waterdata.usgs.gov/nwis/inventory?agency_code=USGS&site_no=03109500"
"03110000","Yellow Creek near Hammondsville OH","ST","USGS",-80.72507770,40.53784235,"http://waterdata.usgs.gov/nwis/inventory?agency_code=USGS&site_no=03110000"
"03110685","OHIO R AT NEW CUMBERLAND LOCK & DAM (UPPER), OH","ST","USGS",-80.62673998,40.52839880,"http://waterdata.usgs.gov/nwis/inventory?agency_code=USGS&site_no=03110685"
"03110690","OHIO R AT NEW CUMBERLAND LOCK & DAM (LOWER), OH","ST","USGS",-80.62562880,40.52812107,"http://waterdata.usgs.gov/nwis/inventory?agency_code=USGS&site_no=03110690"
"03111500","Short Creek near Dillonvale OH","ST","USGS",-80.73424820,40.19340427,"http://waterdata.usgs.gov/nwis/inventory?agency_code=USGS&site_no=03111500"
"03111548","Wheeling Creek below Blaine OH","ST","USGS",-80.80841980,40.06701640,"http://waterdata.usgs.gov/nwis/inventory?agency_code=USGS&site_no=03111548"
"03112000","WHEELING CREEK AT ELM GROVE, WV","ST","USGS",-80.66091160,40.04451770,"http://waterdata.usgs.gov/nwis/inventory?agency_code=USGS&site_no=03112000"
"03113990","Captina Creek at S.R. 148 at Armstrongs Mills OH","ST","USGS",-80.93592880,39.90673950,"http://waterdata.usgs.gov/nwis/inventory?agency_code=USGS&site_no=03113990"
"03114275","OHIO RIVER AT HANNIBAL LOCK AND DAM (UPPER), OH","ST","USGS",-80.86593189,39.66757665,"http://waterdata.usgs.gov/nwis/inventory?agency_code=USGS&site_no=03114275"
"03114280","OHIO RIVER AT HANNIBAL LOCK AND DAM (LOWER), OH","ST","USGS",-80.86593190,39.66729887,"http://waterdata.usgs.gov/nwis/inventory?agency_code=USGS&site_no=03114280"
"03114306","Ohio River above Sardis, OH","ST","USGS",-80.87472220,39.63027778,"http://waterdata.usgs.gov/nwis/inventory?agency_code=USGS&site_no=03114306"
"03115400","Little Muskingum River at Bloomfield OH","ST","USGS",-81.20372360,39.56312940,"http://waterdata.usgs.gov/nwis/inventory?agency_code=USGS&site_no=03115400"
"03115644","East Fork Duck Creek near Harrietsville OH","ST","USGS",-81.37197500,39.61288330,"http://waterdata.usgs.gov/nwis/inventory?agency_code=USGS&site_no=03115644"
"03115712","West Fork Duck Creek at Macksburg OH","ST","USGS",-81.46083330,39.63160556,"http://waterdata.usgs.gov/nwis/inventory?agency_code=USGS&site_no=03115712"
"03115786","Duck Creek below Whipple OH","ST","USGS",-81.42305560,39.50888889,"http://waterdata.usgs.gov/nwis/inventory?agency_code=USGS&site_no=03115786"
"03115973","Schocalog Run at Copley Junction OH","ST","USGS",-81.60317700,41.10311080,"http://waterdata.usgs.gov/nwis/inventory?agency_code=USGS&site_no=03115973"
"03116077","Chippewa Creek at Miller Rd at Sterling OH","ST","USGS",-81.85055560,40.96638889,"http://waterdata.usgs.gov/nwis/inventory?agency_code=USGS&site_no=03116077"
"03117000","Tuscarawas River at Massillon OH","ST","USGS",-81.52400980,40.77033570,"http://waterdata.usgs.gov/nwis/inventory?agency_code=USGS&site_no=03117000"
"03117500","Sandy Creek at Waynesburg OH","ST","USGS",-81.25983080,40.67256090,"http://waterdata.usgs.gov/nwis/inventory?agency_code=USGS&site_no=03117500"
"03118000","Middle Branch Nimishillen Creek at Canton OH","ST","USGS",-81.35372290,40.84144709,"http://waterdata.usgs.gov/nwis/inventory?agency_code=USGS&site_no=03118000"
"03118500","Nimishillen Creek at North Industry OH","ST","USGS",-81.36944440,40.74972220,"http://waterdata.usgs.gov/nwis/inventory?agency_code=USGS&site_no=03118500"
"03120500","McGuire Creek near Leesville OH","ST","USGS",-81.19649300,40.47034258,"http://waterdata.usgs.gov/nwis/inventory?agency_code=USGS&site_no=03120500"
"03121850","Huff Run at Mineral City OH","ST","USGS",-81.35900120,40.59728465,"http://waterdata.usgs.gov/nwis/inventory?agency_code=USGS&site_no=03121850"
"03122500","Tuscarawas River below Dover Dam near Dover OH","ST","USGS",-81.42983690,40.52978620,"http://waterdata.usgs.gov/nwis/inventory?agency_code=USGS&site_no=03122500"
"03124000","Sugar Creek bl Beach City Dam near Beach City OH","ST","USGS",-81.55289930,40.63561650,"http://waterdata.usgs.gov/nwis/inventory?agency_code=USGS&site_no=03124000"
"03124500","Sugar Creek at Strasburg OH","ST","USGS",-81.52317500,40.58756240,"http://waterdata.usgs.gov/nwis/inventory?agency_code=USGS&site_no=03124500"
"03124800","Tuscarawas River at New Philadelphia OH","ST","USGS",-81.44817070,40.48089840,"http://waterdata.usgs.gov/nwis/inventory?agency_code=USGS&site_no=03124800"
"03126000","Stillwater Creek at Piedmont OH","ST","USGS",-81.21538440,40.19479010,"http://waterdata.usgs.gov/nwis/inventory?agency_code=USGS&site_no=03126000"
"03127000","Stillwater Creek at Tippecanoe OH","ST","USGS",-81.29038660,40.27034510,"http://waterdata.usgs.gov/nwis/inventory?agency_code=USGS&site_no=03127000"
"03127500","Stillwater Creek at Uhrichsville OH","ST","USGS",-81.34705540,40.38617740,"http://waterdata.usgs.gov/nwis/inventory?agency_code=USGS&site_no=03127500"
"03128500","Little Stillwater Creek bl Tappan Dam at Tappan OH","ST","USGS",-81.23010620,40.35701050,"http://waterdata.usgs.gov/nwis/inventory?agency_code=USGS&site_no=03128500"
"03129000","Tuscarawas River at Newcomerstown OH","ST","USGS",-81.60900970,40.26145930,"http://waterdata.usgs.gov/nwis/inventory?agency_code=USGS&site_no=03129000"
"03129197","Black Fork Mohican River at Shelby OH","ST","USGS",-82.65972220,40.88111110,"http://waterdata.usgs.gov/nwis/inventory?agency_code=USGS&site_no=03129197"
"03130000","Black Fork below Charles Mill Dam near Mifflin OH","ST","USGS",-82.36321869,40.73783530,"http://waterdata.usgs.gov/nwis/inventory?agency_code=USGS&site_no=03130000"
"03131500","Black Fork at Loudonville OH","ST","USGS",-82.23932590,40.63589367,"http://waterdata.usgs.gov/nwis/inventory?agency_code=USGS&site_no=03131500"
"03133500","Clear Fork bl Pleasant Hill Dam nr Perrysville OH","ST","USGS",-82.32432840,40.62033790,"http://waterdata.usgs.gov/nwis/inventory?agency_code=USGS&site_no=03133500"
"03135000","Lake Fork bl Mohicanville Dam near Mohicanville OH","ST","USGS",-82.15487670,40.72339156,"http://waterdata.usgs.gov/nwis/inventory?agency_code=USGS&site_no=03135000"
"03136500","Kokosing River at Mount Vernon OH","ST","USGS",-82.49988540,40.40561750,"http://waterdata.usgs.gov/nwis/inventory?agency_code=USGS&site_no=03136500"
"03138500","Walhonding River below Mohawk Dam at Nellie OH","ST","USGS",-82.06542130,40.34145696,"http://waterdata.usgs.gov/nwis/inventory?agency_code=USGS&site_no=03138500"
"03139000","Killbuck Creek at Killbuck OH","ST","USGS",-81.98597900,40.48145387,"http://waterdata.usgs.gov/nwis/inventory?agency_code=USGS&site_no=03139000"
"03139850","Walhonding River below Randle OH","ST","USGS",-81.90680120,40.30923629,"http://waterdata.usgs.gov/nwis/inventory?agency_code=USGS&site_no=03139850"
"03140000","Mill Creek near Coshocton OH","ST","USGS",-81.86235630,40.36284598,"http://waterdata.usgs.gov/nwis/inventory?agency_code=USGS&site_no=03140000"
"03140500","Muskingum River near Coshocton OH","ST","USGS",-81.87290900,40.24840465,"http://waterdata.usgs.gov/nwis/inventory?agency_code=USGS&site_no=03140500"
"03141500","Seneca Fork bl Senecaville Dam near Senecaville OH","ST","USGS",-81.43789660,39.92451624,"http://waterdata.usgs.gov/nwis/inventory?agency_code=USGS&site_no=03141500"
"03141700","Wills Creek at Derwent OH","ST","USGS",-81.53123339,39.91923887,"http://waterdata.usgs.gov/nwis/inventory?agency_code=USGS&site_no=03141700"
"03141870","Leatherwood Creek near Kipling OH","ST","USGS",-81.49567580,39.99007179,"http://waterdata.usgs.gov/nwis/inventory?agency_code=USGS&site_no=03141870"
"03142000","Wills Creek at Cambridge OH","ST","USGS",-81.58706740,40.01451644,"http://waterdata.usgs.gov/nwis/inventory?agency_code=USGS&site_no=03142000"
"03143500","Wills Creek bl Wills Creek Dam at Wills Creek OH","ST","USGS",-81.84735270,40.15951555,"http://waterdata.usgs.gov/nwis/inventory?agency_code=USGS&site_no=03143500"
"03144000","Wakatomika Creek near Frazeysburg OH","ST","USGS",-82.14792010,40.13256820,"http://waterdata.usgs.gov/nwis/inventory?agency_code=USGS&site_no=03144000"
"03144500","Muskingum River at Dresden OH","ST","USGS",-81.99958020,40.12034687,"http://waterdata.usgs.gov/nwis/inventory?agency_code=USGS&site_no=03144500"
"03144816","South Fork Licking River at Kirkersville OH","ST","USGS",-82.59861110,39.96361110,"http://waterdata.usgs.gov/nwis/inventory?agency_code=USGS&site_no=03144816"
"03144950","South Fork Licking River near Buckeye Lake OH","ST","USGS",-82.49138889,39.94416667,"http://waterdata.usgs.gov/nwis/inventory?agency_code=USGS&site_no=03144950"
"03145000","South Fork Licking River near Hebron OH","ST","USGS",-82.47487789,39.98867500,"http://waterdata.usgs.gov/nwis/inventory?agency_code=USGS&site_no=03145000"
"03145173","South Fork Licking River at Heath OH","ST","USGS",-82.41333330,40.03750000,"http://waterdata.usgs.gov/nwis/inventory?agency_code=USGS&site_no=03145173"
"03145483","Raccoon Creek near Granville OH","ST","USGS",-82.55166670,40.06888889,"http://waterdata.usgs.gov/nwis/inventory?agency_code=USGS&site_no=03145483"
"03145534","Raccoon Cr. bl. Wilson Street at Newark OH","ST","USGS",-82.41138889,40.05250000,"http://waterdata.usgs.gov/nwis/inventory?agency_code=USGS&site_no=03145534"
"03146000","North Fork Licking River at Utica OH","ST","USGS",-82.45154750,40.22812014,"http://waterdata.usgs.gov/nwis/inventory?agency_code=USGS&site_no=03146000"
"03146277","North Fork Licking River at Newark OH","ST","USGS",-82.41083330,40.08722220,"http://waterdata.usgs.gov/nwis/inventory?agency_code=USGS&site_no=03146277"
"03146402","N. Fk. Licking River at E. Main St. at Newark OH","ST","USGS",-82.39638889,40.05944444,"http://waterdata.usgs.gov/nwis/inventory?agency_code=USGS&site_no=03146402"
"03146405","North Fork Licking River at Ohio Street, Newark OH","ST","USGS",-82.39222220,40.05388889,"http://waterdata.usgs.gov/nwis/inventory?agency_code=USGS&site_no=03146405"
"03146500","Licking River near Newark OH","ST","USGS",-82.33959480,40.05923245,"http://waterdata.usgs.gov/nwis/inventory?agency_code=USGS&site_no=03146500"
"03147500","Licking River bl Dillon Dam near Dillon Falls OH","ST","USGS",-82.08041660,39.98840049,"http://waterdata.usgs.gov/nwis/inventory?agency_code=USGS&site_no=03147500"
"03148000","Muskingum River at Zanesville OH-USGS 03148000","ST","USGS",-82.01235909,39.93895640,"http://waterdata.usgs.gov/nwis/inventory?agency_code=USGS&site_no=03148000"
"03149500","Salt Creek near Chandlersville OH","ST","USGS",-81.86041050,39.90868140,"http://waterdata.usgs.gov/nwis/inventory?agency_code=USGS&site_no=03149500"
"03150000","Muskingum River at McConnelsville OH","ST","USGS",-81.84985780,39.64507110,"http://waterdata.usgs.gov/nwis/inventory?agency_code=USGS&site_no=03150000"
"03150500","Muskingum River at Beverly OH","ST","USGS",-81.64568450,39.55423970,"http://waterdata.usgs.gov/nwis/inventory?agency_code=USGS&site_no=03150500"
"03150700","OHIO RIVER AT MARIETTA, OH","ST","USGS",-81.45762149,39.40951870,"http://waterdata.usgs.gov/nwis/inventory?agency_code=USGS&site_no=03150700"
"03157000","Clear Creek near Rockbridge OH","ST","USGS",-82.57849460,39.58839820,"http://waterdata.usgs.gov/nwis/inventory?agency_code=USGS&site_no=03157000"
"03157500","Hocking River at Enterprise OH","ST","USGS",-82.47460080,39.56506610,"http://waterdata.usgs.gov/nwis/inventory?agency_code=USGS&site_no=03157500"
"03158200","Monday Creek at Doanville OH","ST","USGS",-82.19153650,39.43534835,"http://waterdata.usgs.gov/nwis/inventory?agency_code=USGS&site_no=03158200"
"03158510","Sunday Creek near Burr Oak OH","ST","USGS",-82.07097750,39.52507030,"http://waterdata.usgs.gov/nwis/inventory?agency_code=USGS&site_no=03158510"
"03159000","Sunday Creek at Glouster OH","ST","USGS",-82.08514480,39.50090375,"http://waterdata.usgs.gov/nwis/inventory?agency_code=USGS&site_no=03159000"
"03159246","Sunday Creek below Millfield OH","ST","USGS",-82.10097820,39.42979358,"http://waterdata.usgs.gov/nwis/inventory?agency_code=USGS&site_no=03159246"
"03159500","Hocking River at Athens OH","ST","USGS",-82.08764390,39.32896188,"http://waterdata.usgs.gov/nwis/inventory?agency_code=USGS&site_no=03159500"
"03159540","Shade River near Chester OH","ST","USGS",-81.88180240,39.06368935,"http://waterdata.usgs.gov/nwis/inventory?agency_code=USGS&site_no=03159540"
"03201500","OHIO RIVER AT POINT PLEASANT, WV","ST","USGS",-82.13958900,38.84396959,"http://waterdata.usgs.gov/nwis/inventory?agency_code=USGS&site_no=03201500"
"03201902","Raccoon Creek near Bolins Mills OH","ST","USGS",-82.28583330,39.23055556,"http://waterdata.usgs.gov/nwis/inventory?agency_code=USGS&site_no=03201902"
"03201980","Little Raccoon Creek near Ewington OH","ST","USGS",-82.45210200,39.01063030,"http://waterdata.usgs.gov/nwis/inventory?agency_code=USGS&site_no=03201980"
"03202000","Raccoon Creek at Adamsville OH","ST","USGS",-82.35583330,38.87361110,"http://waterdata.usgs.gov/nwis/inventory?agency_code=USGS&site_no=03202000"
"03205470","Symmes Creek at Aid OH","ST","USGS",-82.49515700,38.59619126,"http://waterdata.usgs.gov/nwis/inventory?agency_code=USGS&site_no=03205470"
"03206000","OHIO RIVER AT HUNTINGTON, WV","ST","USGS",-82.50043400,38.41341549,"http://waterdata.usgs.gov/nwis/inventory?agency_code=USGS&site_no=03206000"
"03216000","OHIO RIVER AT ASHLAND, KY","ST","USGS",-82.63654970,38.48119220,"http://waterdata.usgs.gov/nwis/inventory?agency_code=USGS&site_no=03216000"
"03216600","OHIO RIVER AT GREENUP DAM NEAR GREENUP, KY","ST","USGS",-82.86044700,38.64674480,"http://waterdata.usgs.gov/nwis/inventory?agency_code=USGS&site_no=03216600"
"03217200","OHIO RIVER AT PORTSMOUTH, OH","ST","USGS",-82.97297890,38.72893765,"http://waterdata.usgs.gov/nwis/inventory?agency_code=USGS&site_no=03217200"
"03217500","Scioto River at La Rue OH","ST","USGS",-83.38416670,40.57194444,"http://waterdata.usgs.gov/nwis/inventory?agency_code=USGS&site_no=03217500"
"03219500","Scioto River near Prospect OH","ST","USGS",-83.19713720,40.41950420,"http://waterdata.usgs.gov/nwis/inventory?agency_code=USGS&site_no=03219500"
"03220000","Mill Creek near Bellepoint OH","ST","USGS",-83.17380260,40.24839457,"http://waterdata.usgs.gov/nwis/inventory?agency_code=USGS&site_no=03220000"
"03220510","Scioto R. at O'Shaughnessy Dam near Dublin OH","ST","USGS",-83.12630000,40.15311775,"http://waterdata.usgs.gov/nwis/inventory?agency_code=USGS&site_no=03220510"
"03221000","Scioto River below O'Shaughnessy Dam nr Dublin OH","ST","USGS",-83.12046640,40.14339564,"http://waterdata.usgs.gov/nwis/inventory?agency_code=USGS&site_no=03221000"
"03223000","Olentangy River at Claridon OH","ST","USGS",-82.98879690,40.58283738,"http://waterdata.usgs.gov/nwis/inventory?agency_code=USGS&site_no=03223000"
"03223425","Whetstone Creek at Mt Gilead OH","ST","USGS",-82.82129020,40.54894870,"http://waterdata.usgs.gov/nwis/inventory?agency_code=USGS&site_no=03223425"
"03225500","Olentangy River near Delaware OH","ST","USGS",-83.06713180,40.35506096,"http://waterdata.usgs.gov/nwis/inventory?agency_code=USGS&site_no=03225500"
"03226800","Olentangy River near Worthington OH","ST","USGS",-83.03185150,40.11034100,"http://waterdata.usgs.gov/nwis/inventory?agency_code=USGS&site_no=03226800"
"03227500","Scioto River at Columbus OH","ST","USGS",-83.00907240,39.90950840,"http://waterdata.usgs.gov/nwis/inventory?agency_code=USGS&site_no=03227500"
"03228039","Scioto River above Shadeville OH","ST","USGS",-83.00944440,39.83972220,"http://waterdata.usgs.gov/nwis/inventory?agency_code=USGS&site_no=03228039"
"03228300","Big Walnut Creek at Sunbury OH","ST","USGS",-82.85128920,40.23617350,"http://waterdata.usgs.gov/nwis/inventory?agency_code=USGS&site_no=03228300"
"03228500","Big Walnut Creek at Central College OH","ST","USGS",-82.88406750,40.10367450,"http://waterdata.usgs.gov/nwis/inventory?agency_code=USGS&site_no=03228500"
"03228750","Alum Creek near Kilbourne OH","ST","USGS",-82.92157040,40.35672806,"http://waterdata.usgs.gov/nwis/inventory?agency_code=USGS&site_no=03228750"
"03228805","Alum Creek at Africa OH","ST","USGS",-82.96157110,40.18228495,"http://waterdata.usgs.gov/nwis/inventory?agency_code=USGS&site_no=03228805"
"03229000","Alum Creek at Columbus OH","ST","USGS",-82.94101380,39.94506415,"http://waterdata.usgs.gov/nwis/inventory?agency_code=USGS&site_no=03229000"
"03229500","Big Walnut Creek at Rees OH","ST","USGS",-82.95712550,39.85673038,"http://waterdata.usgs.gov/nwis/inventory?agency_code=USGS&site_no=03229500"
"03229610","Scioto River near Commercial Point OH","ST","USGS",-83.00768340,39.77422977,"http://waterdata.usgs.gov/nwis/inventory?agency_code=USGS&site_no=03229610"
"03229796","Walnut Creek at Ashville OH","ST","USGS",-82.96295890,39.70256288,"http://waterdata.usgs.gov/nwis/inventory?agency_code=USGS&site_no=03229796"
"03230310","Little Darby Creek at West Jefferson OH","ST","USGS",-83.26936009,39.95117290,"http://waterdata.usgs.gov/nwis/inventory?agency_code=USGS&site_no=03230310"
"03230450","Hellbranch Run near Harrisburg OH","ST","USGS",-83.15733330,39.84783330,"http://waterdata.usgs.gov/nwis/inventory?agency_code=USGS&site_no=03230450"
"03230500","Big Darby Creek at Darbyville OH","ST","USGS",-83.11018700,39.70061760,"http://waterdata.usgs.gov/nwis/inventory?agency_code=USGS&site_no=03230500"
"03230700","Scioto River at Circleville OH","ST","USGS",-82.95518040,39.60145128,"http://waterdata.usgs.gov/nwis/inventory?agency_code=USGS&site_no=03230700"
"03230800","Deer Creek at Mount Sterling OH","ST","USGS",-83.25713690,39.71506110,"http://waterdata.usgs.gov/nwis/inventory?agency_code=USGS&site_no=03230800"
"03230900","Deer Creek near Pancoastburg OH","ST","USGS",-83.21296820,39.62061740,"http://waterdata.usgs.gov/nwis/inventory?agency_code=USGS&site_no=03230900"
"03231000","Deer Creek at Williamsport OH","ST","USGS",-83.12268700,39.58589537,"http://waterdata.usgs.gov/nwis/inventory?agency_code=USGS&site_no=03231000"
"03231500","Scioto River at Chillicothe OH","ST","USGS",-82.97101260,39.34145297,"http://waterdata.usgs.gov/nwis/inventory?agency_code=USGS&site_no=03231500"
"03232000","Paint Creek near Greenfield OH","ST","USGS",-83.37547060,39.37923040,"http://waterdata.usgs.gov/nwis/inventory?agency_code=USGS&site_no=03232000"
"03232300","Rattlesnake Creek at Centerfield OH","ST","USGS",-83.47547280,39.32895287,"http://waterdata.usgs.gov/nwis/inventory?agency_code=USGS&site_no=03232300"
"03232470","Paint Creek near Bainbridge OH","ST","USGS",-83.34935770,39.25228728,"http://waterdata.usgs.gov/nwis/inventory?agency_code=USGS&site_no=03232470"
"03232500","Rocky Fork near Barretts Mills OH","ST","USGS",-83.38546950,39.21839888,"http://waterdata.usgs.gov/nwis/inventory?agency_code=USGS&site_no=03232500"
"03234000","Paint Creek near Bourneville OH","ST","USGS",-83.16685208,39.26367630,"http://waterdata.usgs.gov/nwis/inventory?agency_code=USGS&site_no=03234000"
"03234300","Paint Creek at Chillicothe OH","ST","USGS",-82.97823490,39.32034210,"http://waterdata.usgs.gov/nwis/inventory?agency_code=USGS&site_no=03234300"
"03234500","Scioto River at Higby OH","ST","USGS",-82.86378540,39.21228934,"http://waterdata.usgs.gov/nwis/inventory?agency_code=USGS&site_no=03234500"
"03237020","Scioto River at Piketon OH","ST","USGS",-83.01962240,39.07006954,"http://waterdata.usgs.gov/nwis/inventory?agency_code=USGS&site_no=03237020"
"03237280","Upper Twin Creek at McGaw OH","ST","USGS",-83.21573648,38.64368745,"http://waterdata.usgs.gov/nwis/inventory?agency_code=USGS&site_no=03237280"
"03237500","Ohio Brush Creek near West Union OH","ST","USGS",-83.42102260,38.80368380,"http://waterdata.usgs.gov/nwis/inventory?agency_code=USGS&site_no=03237500"
"03238000","OHIO RIVER AT MAYSVILLE, KY","ST","USGS",-83.76353230,38.64868520,"http://waterdata.usgs.gov/nwis/inventory?agency_code=USGS&site_no=03238000"
"03238495","White Oak Creek above Georgetown OH","ST","USGS",-83.92833330,38.91972220,"http://waterdata.usgs.gov/nwis/inventory?agency_code=USGS&site_no=03238495"
"03240000","Little Miami River near Oldtown OH","ST","USGS",-83.93131960,39.74839296,"http://waterdata.usgs.gov/nwis/inventory?agency_code=USGS&site_no=03240000"
"03241500","Massies Creek at Wilberforce OH","ST","USGS",-83.88270660,39.72283770,"http://waterdata.usgs.gov/nwis/inventory?agency_code=USGS&site_no=03241500"
"03242050","Little Miami River near Spring Valley OH","ST","USGS",-84.03021100,39.58339358,"http://waterdata.usgs.gov/nwis/inventory?agency_code=USGS&site_no=03242050"
"03242350","Caesar Creek near Wellman OH","ST","USGS",-84.06437790,39.48256050,"http://waterdata.usgs.gov/nwis/inventory?agency_code=USGS&site_no=03242350"
"03244936","O'Bannon Creek near Loveland OH","ST","USGS",-84.23271420,39.26478120,"http://waterdata.usgs.gov/nwis/inventory?agency_code=USGS&site_no=03244936"
"03245500","Little Miami River at Milford OH","ST","USGS",-84.29799330,39.17144887,"http://waterdata.usgs.gov/nwis/inventory?agency_code=USGS&site_no=03245500"
"03246500","East Fork Little Miami River at Williamsburg OH","ST","USGS",-84.05048850,39.05256455,"http://waterdata.usgs.gov/nwis/inventory?agency_code=USGS&site_no=03246500"
"03247041","E Fk Little Miami River bl Harsha Dam nr Bantam OH","ST","USGS",-84.14993460,39.02395294,"http://waterdata.usgs.gov/nwis/inventory?agency_code=USGS&site_no=03247041"
"03247500","East Fork Little Miami River at Perintown OH","ST","USGS",-84.23799180,39.13700548,"http://waterdata.usgs.gov/nwis/inventory?agency_code=USGS&site_no=03247500"
"03255000","OHIO RIVER AT CINCINNATI, OH","ST","USGS",-84.51049830,39.09450440,"http://waterdata.usgs.gov/nwis/inventory?agency_code=USGS&site_no=03255000"
"03255300","Mill Creek at Kemper Road at Sharonville OH","ST","USGS",-84.43271980,39.28450230,"http://waterdata.usgs.gov/nwis/inventory?agency_code=USGS&site_no=03255300"
"03255390","Sharon Creek at Sharonville OH","ST","USGS",-84.41105240,39.27339134,"http://waterdata.usgs.gov/nwis/inventory?agency_code=USGS&site_no=03255390"
"03255420","Mill Creek at Evendale OH","ST","USGS",-84.42744160,39.25450240,"http://waterdata.usgs.gov/nwis/inventory?agency_code=USGS&site_no=03255420"
"03255500","Mill Creek at Reading OH","ST","USGS",-84.44688640,39.22061390,"http://waterdata.usgs.gov/nwis/inventory?agency_code=USGS&site_no=03255500"
"03259000","Mill Creek at Carthage OH","ST","USGS",-84.47105360,39.20200299,"http://waterdata.usgs.gov/nwis/inventory?agency_code=USGS&site_no=03259000"
"03259757","W Fk Mill Creek at West Fork Road at Cincinnati OH","ST","USGS",-84.55750000,39.16305556,"http://waterdata.usgs.gov/nwis/inventory?agency_code=USGS&site_no=03259757"
"03259813","W Fk Mill Creek at Hille Park at Cincinnati OH","ST","USGS",-84.54750000,39.15000000,"http://waterdata.usgs.gov/nwis/inventory?agency_code=USGS&site_no=03259813"
"03259973","Mill Creek at Fairmount OH","ST","USGS",-84.54305560,39.12583330,"http://waterdata.usgs.gov/nwis/inventory?agency_code=USGS&site_no=03259973"
"03260706","Bokengehalas Creek at De Graff OH","ST","USGS",-83.91243710,40.31116317,"http://waterdata.usgs.gov/nwis/inventory?agency_code=USGS&site_no=03260706"
"03261500","Great Miami River at Sidney OH","ST","USGS",-84.14994300,40.28699420,"http://waterdata.usgs.gov/nwis/inventory?agency_code=USGS&site_no=03261500"
"03261950","Loramie Creek near Newport OH","ST","USGS",-84.38383830,40.30699246,"http://waterdata.usgs.gov/nwis/inventory?agency_code=USGS&site_no=03261950"
"03262000","Loramie Creek at Lockington OH","ST","USGS",-84.24411160,40.21449409,"http://waterdata.usgs.gov/nwis/inventory?agency_code=USGS&site_no=03262000"
"03262500","Great Miami River at Piqua OH","ST","USGS",-84.22883330,40.15088440,"http://waterdata.usgs.gov/nwis/inventory?agency_code=USGS&site_no=03262500"
"03262700","Great Miami River at Troy OH","ST","USGS",-84.19772090,40.04033169,"http://waterdata.usgs.gov/nwis/inventory?agency_code=USGS&site_no=03262700"
"03263000","Great Miami River at Taylorsville OH","ST","USGS",-84.16410700,39.87283509,"http://waterdata.usgs.gov/nwis/inventory?agency_code=USGS&site_no=03263000"
"03264000","Greenville Creek near Bradford OH","ST","USGS",-84.42994980,40.10227230,"http://waterdata.usgs.gov/nwis/inventory?agency_code=USGS&site_no=03264000"
"03265000","Stillwater River at Pleasant Hill OH","ST","USGS",-84.35605890,40.05782925,"http://waterdata.usgs.gov/nwis/inventory?agency_code=USGS&site_no=03265000"
"03266000","Stillwater River at Englewood OH","ST","USGS",-84.28605570,39.87033349,"http://waterdata.usgs.gov/nwis/inventory?agency_code=USGS&site_no=03266000"
"03266560","Mad River at West Liberty OH - 03266560","ST","USGS",-83.74965500,40.25227718,"http://waterdata.usgs.gov/nwis/inventory?agency_code=USGS&site_no=03266560"
"03267000","Mad River near Urbana OH","ST","USGS",-83.79909780,40.10755750,"http://waterdata.usgs.gov/nwis/inventory?agency_code=USGS&site_no=03267000"
"03267900","Mad River at St Paris Pike at Eagle City OH","ST","USGS",-83.83159620,39.96422650,"http://waterdata.usgs.gov/nwis/inventory?agency_code=USGS&site_no=03267900"
"03269500","Mad River near Springfield OH","ST","USGS",-83.87020810,39.92311527,"http://waterdata.usgs.gov/nwis/inventory?agency_code=USGS&site_no=03269500"
"03270000","Mad River near Dayton OH","ST","USGS",-84.08854800,39.79728106,"http://waterdata.usgs.gov/nwis/inventory?agency_code=USGS&site_no=03270000"
"03270500","Great Miami River at Dayton OH","ST","USGS",-84.19744050,39.76533650,"http://waterdata.usgs.gov/nwis/inventory?agency_code=USGS&site_no=03270500"
"03271000","Wolf Creek at Dayton OH","ST","USGS",-84.23660860,39.76672525,"http://waterdata.usgs.gov/nwis/inventory?agency_code=USGS&site_no=03271000"
"03271207","G Miami River at Sellars Rd at West Carrollton OH","ST","USGS",-84.23083330,39.68777778,"http://waterdata.usgs.gov/nwis/inventory?agency_code=USGS&site_no=03271207"
"03271300","Holes Creek near Kettering OH","ST","USGS",-84.19577220,39.65422590,"http://waterdata.usgs.gov/nwis/inventory?agency_code=USGS&site_no=03271300"
"03271500","Great Miami River at Miamisburg OH","ST","USGS",-84.28966390,39.64450280,"http://waterdata.usgs.gov/nwis/inventory?agency_code=USGS&site_no=03271500"
"03271510","Great Miami River near Linden Ave at Miamisburg OH","ST","USGS",-84.29244160,39.63728058,"http://waterdata.usgs.gov/nwis/inventory?agency_code=USGS&site_no=03271510"
"03271601","Great Miami River below Miamisburg OH","ST","USGS",-84.28688540,39.60672520,"http://waterdata.usgs.gov/nwis/inventory?agency_code=USGS&site_no=03271601"
"03271620","Great Miami River at Franklin OH","ST","USGS",-84.30494080,39.56311400,"http://waterdata.usgs.gov/nwis/inventory?agency_code=USGS&site_no=03271620"
"03272000","Twin Creek near Germantown OH","ST","USGS",-84.40383400,39.63783420,"http://waterdata.usgs.gov/nwis/inventory?agency_code=USGS&site_no=03272000"
"03272100","Great Miami River at Middletown OH","ST","USGS",-84.41267780,39.51988610,"http://waterdata.usgs.gov/nwis/inventory?agency_code=USGS&site_no=03272100"
"03272700","Sevenmile Creek at Camden OH","ST","USGS",-84.64439640,39.62921960,"http://waterdata.usgs.gov/nwis/inventory?agency_code=USGS&site_no=03272700"
"03274000","Great Miami River at Hamilton OH","ST","USGS",-84.57216900,39.39116740,"http://waterdata.usgs.gov/nwis/inventory?agency_code=USGS&site_no=03274000"
"03274615","Great Miami River at Miamitown OH","ST","USGS",-84.70277780,39.21611110,"http://waterdata.usgs.gov/nwis/inventory?agency_code=USGS&site_no=03274615"
"03322485","Beaver Creek near Celina OH","ST","USGS",-84.57638889,40.53472220,"http://waterdata.usgs.gov/nwis/inventory?agency_code=USGS&site_no=03322485"
"04177000","Ottawa River at University of Toledo, Toledo OH","ST","USGS",-83.61254720,41.65968056,"http://waterdata.usgs.gov/nwis/inventory?agency_code=USGS&site_no=04177000"
"04177720","FISH CREEK AT HAMILTON, IN","ST","USGS",-84.90357260,41.53227275,"http://waterdata.usgs.gov/nwis/inventory?agency_code=USGS&site_no=04177720"
"04178000","ST. JOSEPH RIVER NEAR NEWVILLE, IN","ST","USGS",-84.80162590,41.38532830,"http://waterdata.usgs.gov/nwis/inventory?agency_code=USGS&site_no=04178000"
"04180988","St. Marys River at Rockford OH","ST","USGS",-84.64662540,40.69476968,"http://waterdata.usgs.gov/nwis/inventory?agency_code=USGS&site_no=04180988"
"04184500","Bean Creek at Powers OH","ST","USGS",-84.24911480,41.65949510,"http://waterdata.usgs.gov/nwis/inventory?agency_code=USGS&site_no=04184500"
"04185000","Tiffin River at Stryker OH","ST","USGS",-84.42967190,41.50449567,"http://waterdata.usgs.gov/nwis/inventory?agency_code=USGS&site_no=04185000"
"04185440","Unnamed Tributary to Lost Creek near Farmer OH","ST","USGS",-84.69106670,41.36171720,"http://waterdata.usgs.gov/nwis/inventory?agency_code=USGS&site_no=04185440"
"04186500","Auglaize River near Fort Jennings OH","ST","USGS",-84.26605900,40.94866170,"http://waterdata.usgs.gov/nwis/inventory?agency_code=USGS&site_no=04186500"
"04187100","Ottawa River at Lima OH","ST","USGS",-84.12633710,40.72477290,"http://waterdata.usgs.gov/nwis/inventory?agency_code=USGS&site_no=04187100"
"04188337","Blanchard River below Mt. Blanchard OH","ST","USGS",-83.55715080,40.92449860,"http://waterdata.usgs.gov/nwis/inventory?agency_code=USGS&site_no=04188337"
"04188400","Blanchard River above Findlay OH","ST","USGS",-83.57937420,41.03394260,"http://waterdata.usgs.gov/nwis/inventory?agency_code=USGS&site_no=04188400"
"04188433","Lye Creek above Findlay OH","ST","USGS",-83.58576310,40.98255390,"http://waterdata.usgs.gov/nwis/inventory?agency_code=USGS&site_no=04188433"
"04188496","Eagle Creek above Findlay OH","ST","USGS",-83.65326530,40.97922030,"http://waterdata.usgs.gov/nwis/inventory?agency_code=USGS&site_no=04188496"
"04189000","Blanchard River near Findlay OH","ST","USGS",-83.68798890,41.05588646,"http://waterdata.usgs.gov/nwis/inventory?agency_code=USGS&site_no=04189000"
"04189131","Blanchard River at Gilboa OH","ST","USGS",-83.91888889,41.01527778,"http://waterdata.usgs.gov/nwis/inventory?agency_code=USGS&site_no=04189131"
"04189174","Riley Creek below Pandora OH","ST","USGS",-83.97638889,40.97305556,"http://waterdata.usgs.gov/nwis/inventory?agency_code=USGS&site_no=04189174"
"04189260","Blanchard River at Ottawa OH","ST","USGS",-84.04688890,41.01699620,"http://waterdata.usgs.gov/nwis/inventory?agency_code=USGS&site_no=04189260"
"04191500","Auglaize River near Defiance OH","ST","USGS",-84.39911370,41.23754895,"http://waterdata.usgs.gov/nwis/inventory?agency_code=USGS&site_no=04191500"
"04192500","Maumee River near Defiance OH","ST","USGS",-84.28105730,41.29199280,"http://waterdata.usgs.gov/nwis/inventory?agency_code=USGS&site_no=04192500"
"04193490","Maumee River near Waterville OH","ST","USGS",-83.73882610,41.47616368,"http://waterdata.usgs.gov/nwis/inventory?agency_code=USGS&site_no=04193490"
"04193500","Maumee River at Waterville OH","ST","USGS",-83.71271450,41.50005260,"http://waterdata.usgs.gov/nwis/inventory?agency_code=USGS&site_no=04193500"
"04194085","Berger Ditch near Oregon OH","ST-DCH","USGS",-83.37104120,41.67560310,"http://waterdata.usgs.gov/nwis/inventory?agency_code=USGS&site_no=04194085"
"04195500","Portage River at Woodville OH","ST","USGS",-83.36131560,41.44949600,"http://waterdata.usgs.gov/nwis/inventory?agency_code=USGS&site_no=04195500"
"04195820","Portage River near Elmore OH","ST","USGS",-83.22464540,41.49116178,"http://waterdata.usgs.gov/nwis/inventory?agency_code=USGS&site_no=04195820"
"04196000","Sandusky River near Bucyrus OH","ST","USGS",-83.00574369,40.80366875,"http://waterdata.usgs.gov/nwis/inventory?agency_code=USGS&site_no=04196000"
"04196500","Sandusky River near Upper Sandusky OH","ST","USGS",-83.25630840,40.85061194,"http://waterdata.usgs.gov/nwis/inventory?agency_code=USGS&site_no=04196500"
"04196800","Tymochtee Creek at Crawford OH","ST","USGS",-83.34881160,40.92283320,"http://waterdata.usgs.gov/nwis/inventory?agency_code=USGS&site_no=04196800"
"04197100","Honey Creek at Melmore OH","ST","USGS",-83.10963820,41.02227800,"http://waterdata.usgs.gov/nwis/inventory?agency_code=USGS&site_no=04197100"
"04197137","Sandusky River at Tiffin OH","ST","USGS",-83.17972220,41.11416667,"http://waterdata.usgs.gov/nwis/inventory?agency_code=USGS&site_no=04197137"
"04197170","Rock Creek at Tiffin OH","ST","USGS",-83.16825210,41.11366590,"http://waterdata.usgs.gov/nwis/inventory?agency_code=USGS&site_no=04197170"
"04198000","Sandusky River near Fremont OH","ST","USGS",-83.15880880,41.30783070,"http://waterdata.usgs.gov/nwis/inventory?agency_code=USGS&site_no=04198000"
"04199000","Huron River at Milan OH","ST","USGS",-82.60823260,41.30088520,"http://waterdata.usgs.gov/nwis/inventory?agency_code=USGS&site_no=04199000"
"04199155","Old Woman Creek at Berlin Rd near Huron OH","ST","USGS",-82.51378249,41.34838289,"http://waterdata.usgs.gov/nwis/inventory?agency_code=USGS&site_no=04199155"
"04199500","Vermilion River near Vermilion OH","ST","USGS",-82.31682730,41.38199000,"http://waterdata.usgs.gov/nwis/inventory?agency_code=USGS&site_no=04199500"
"04200500","Black River at Elyria OH","ST","USGS",-82.10459279,41.38032368,"http://waterdata.usgs.gov/nwis/inventory?agency_code=USGS&site_no=04200500"
"04201500","Rocky River near Berea OH","ST","USGS",-81.88708220,41.40671490,"http://waterdata.usgs.gov/nwis/inventory?agency_code=USGS&site_no=04201500"
"04201506","Abram Creek at Middleburg Heights OH","ST","USGS",-81.81888889,41.36277778,"http://waterdata.usgs.gov/nwis/inventory?agency_code=USGS&site_no=04201506"
"04201515","Abram Creek at Brook Park OH","ST","USGS",-81.83555560,41.38916667,"http://waterdata.usgs.gov/nwis/inventory?agency_code=USGS&site_no=04201515"
"04201526","Abram Creek at Kolthoff Drive at Brook Park OH","ST","USGS",-81.85027780,41.39305556,"http://waterdata.usgs.gov/nwis/inventory?agency_code=USGS&site_no=04201526"
"04202000","Cuyahoga River at Hiram Rapids OH","ST","USGS",-81.16676640,41.34061030,"http://waterdata.usgs.gov/nwis/inventory?agency_code=USGS&site_no=04202000"
"04206000","Cuyahoga River at Old Portage OH","ST","USGS",-81.54706220,41.13561120,"http://waterdata.usgs.gov/nwis/inventory?agency_code=USGS&site_no=04206000"
"04206043","Mud Brook at Cuyahoga Falls OH","ST","USGS",-81.50872640,41.15283370,"http://waterdata.usgs.gov/nwis/inventory?agency_code=USGS&site_no=04206043"
"04206212","North Fork at Bath Center OH","ST","USGS",-81.63428970,41.16894390,"http://waterdata.usgs.gov/nwis/inventory?agency_code=USGS&site_no=04206212"
"04206220","Yellow Creek at Botzum OH","ST","USGS",-81.58373100,41.16311095,"http://waterdata.usgs.gov/nwis/inventory?agency_code=USGS&site_no=04206220"
"04206413","Indian Creek near Macedonia OH","ST","USGS",-81.51333330,41.30305556,"http://waterdata.usgs.gov/nwis/inventory?agency_code=USGS&site_no=04206413"
"04206416","Brandywine Creek near Macedonia OH","ST","USGS",-81.52083330,41.29416667,"http://waterdata.usgs.gov/nwis/inventory?agency_code=USGS&site_no=04206416"
"04206425","Cuyahoga River at Jaite OH","ST","USGS",-81.57011979,41.29644380,"http://waterdata.usgs.gov/nwis/inventory?agency_code=USGS&site_no=04206425"
"04206448","Chippewa Creek in Chippewa Met Pk near Brecksville","ST","USGS",-81.59789970,41.31672109,"http://waterdata.usgs.gov/nwis/inventory?agency_code=USGS&site_no=04206448"
"04207200","Tinkers Creek at Bedford OH","ST","USGS",-81.52734190,41.38449868,"http://waterdata.usgs.gov/nwis/inventory?agency_code=USGS&site_no=04207200"
"04208000","Cuyahoga River at Independence OH","ST","USGS",-81.62984780,41.39533087,"http://waterdata.usgs.gov/nwis/inventory?agency_code=USGS&site_no=04208000"
"04208347","Mill Creek at Garfield Pkwy at Garfield Heights OH","ST","USGS",-81.60611110,41.43333330,"http://waterdata.usgs.gov/nwis/inventory?agency_code=USGS&site_no=04208347"
"04208460","Mill Creek at Garfield Hts OH","ST","USGS",-81.63762660,41.42394150,"http://waterdata.usgs.gov/nwis/inventory?agency_code=USGS&site_no=04208460"
"04208502","Big Creek at Cleveland OH","ST","USGS",-81.72152040,41.45032916,"http://waterdata.usgs.gov/nwis/inventory?agency_code=USGS&site_no=04208502"
"04208504","Cuyahoga River near Newburgh Heights OH","ST","USGS",-81.68096300,41.46255164,"http://waterdata.usgs.gov/nwis/inventory?agency_code=USGS&site_no=04208504"
"04208700","Euclid Creek at Cleveland OH","ST","USGS",-81.55873370,41.58227158,"http://waterdata.usgs.gov/nwis/inventory?agency_code=USGS&site_no=04208700"
"04209000","Chagrin River at Willoughby OH","ST","USGS",-81.40344549,41.63088100,"http://waterdata.usgs.gov/nwis/inventory?agency_code=USGS&site_no=04209000"
"04212100","Grand River near Painesville OH","ST","USGS",-81.22787890,41.71893390,"http://waterdata.usgs.gov/nwis/inventory?agency_code=USGS&site_no=04212100"
"04213000","Conneaut Creek at Conneaut OH","ST","USGS",-80.60396590,41.92699898,"http://waterdata.usgs.gov/nwis/inventory?agency_code=USGS&site_no=04213000"
"402913084285400","Chickasaw Creek at St. Marys OH","ST","USGS",-84.48166670,40.48694444,"http://waterdata.usgs.gov/nwis/inventory?agency_code=USGS&site_no=402913084285400"
"402958084363300","Coldwater Creek at Coldwater OH","ST","USGS",-84.60912380,40.49949097,"http://waterdata.usgs.gov/nwis/inventory?agency_code=USGS&site_no=402958084363300"
"405051083391001","Eagle Creek tile 1 near Williamstown OH","SB-GWD","USGS",-83.65277780,40.84750000,"http://waterdata.usgs.gov/nwis/inventory?agency_code=USGS&site_no=405051083391001"
"405051083391201","Eagle Creek waterway 1 near Williamstown OH","FA-FON","USGS",-83.65333330,40.84750000,"http://waterdata.usgs.gov/nwis/inventory?agency_code=USGS&site_no=405051083391201"
"410014081362600","Wolf Creek Outlet O&E Canal","ST-CA","USGS",-81.60706660,41.00394410,"http://waterdata.usgs.gov/nwis/inventory?agency_code=USGS&site_no=410014081362600"
"410121081330300","Long Lake Feeder O&E Canal OH","ST-CA","USGS",-81.55067419,41.02255558,"http://waterdata.usgs.gov/nwis/inventory?agency_code=USGS&site_no=410121081330300"
"410433081312500","Lock 1 Outlet O&E Canal","ST-CA","USGS",-81.52345000,41.07588910,"http://waterdata.usgs.gov/nwis/inventory?agency_code=USGS&site_no=410433081312500"
"412141081412100","West Creek at Pleasant Valley Road near Parma OH","ST","USGS",-81.68916670,41.36138889,"http://waterdata.usgs.gov/nwis/inventory?agency_code=USGS&site_no=412141081412100"
"412325081415500","West Creek at Ridgewood Road at Parma OH","ST","USGS",-81.69861110,41.39027778,"http://waterdata.usgs.gov/nwis/inventory?agency_code=USGS&site_no=412325081415500"
"412453081395500","West Creek at Brooklyn Heights OH","ST","USGS",-81.66527780,41.41472220,"http://waterdata.usgs.gov/nwis/inventory?agency_code=USGS&site_no=412453081395500"
